source_file,termination_reason,initial_relevant_distance_complexity,initial_relevant_distance_readability,#initial applicable operators,#all applicable operators,#uniq_rules_per_iteration,operators used per iteration,iterations,time,#final_population_size,#pareto_optimal_set with complexity higher than median,#final_transformations,final_transformations,final_selection,final_selection_original_content,final_selection_class_dependencies,avg_complexity,avg_readability,min_complexity,min_readability,max_complexity,max_readability,final_selection_rules,final_selection_complexity,final_selection_readability,all_files_per_iteration,selected_files_per_iteration
Benchmark/dataset/AllHumanEval/HumanEval_81/code/HumanEval_81.py,time limit,0.1087,0.5263,14,16,"[(1, 14), (2, 16)]","{1: ['add_nested_for_out', 'change_var_names', 'add_try_except_inside_functions', 'add_else_to_for', 'add_nested_list', 'add_decorator', 'add_datetime', 'add_time', 'add_crypto', 'add_sklearn', 'add_http', 'add_scipy', 'add_base64', 'add_dateutil'], 2: ['add_nested_for_out', 'change_var_names', 'create_functions', 'add_try_except_inside_functions', 'add_else_to_for', 'add_nested_list', 'transform_range_to_recursion', 'add_decorator', 'add_datetime', 'add_time', 'add_crypto', 'add_sklearn', 'add_http', 'add_scipy', 'add_base64', 'add_dateutil']}",2,13746.159482240677,49,10,6,"[{'variant_file': 'HumanEval_817ex0tid5iC_results/generations/HumanEval_81/HumanEval_81.py-a5f172256c30ababc9ef612d8bf83b4a789c040c043797d169b6237c71f1fb62', 'applicable_rules': ['add_nested_for_out', 'create_functions', 'add_try_except_inside_functions', 'add_else_to_for', 'add_nested_list', 'transform_range_to_recursion', 'transform_function_to_class', 'add_decorator', 'add_datetime', 'add_time', 'add_crypto', 'add_sklearn', 'add_http', 'add_base64', 'add_dateutil'], 'applied_rules': ['add_nested_for_out', 'change_var_names', 'add_scipy'], 'complexity': {'File': 'HumanEval_817ex0tid5iC_results/generations/HumanEval_81/HumanEval_81.py-a5f172256c30ababc9ef612d8bf83b4a789c040c043797d169b6237c71f1fb62', 'Base complexity': 15, 'Predicates with operators': 13, 'Nested levels': 3, 'Complex code structures': 3, 'Third-Party calls': 1, 'Inter_dependencies': 0, 'Intra_dependencies': 0, 'Log': 'tmp/HumanEval_817ex0tid5iC_results_generations_HumanEval_81_HumanEval_81.py-a5f172256c30ababc9ef612d8bf83b4a789c040c043797d169b6237c71f1fb62.log'}, 'readability': {'num_tokens': 354, 'lines_of_code': 35, 'num_conditions': 12, 'num_loops': 2, 'num_assignments': 3, 'num_max_nested_loop': 2, 'num_max_nested_if': 12, 'num_max_conditions_in_if': 1, 'max_line_tokens': 37, 'num_of_variables': 5, 'num_of_arrays': 3, 'num_of_operators': 13, 'num_of_nested_casting': 0, 'entropy': 6.014894530597505}, 'relevant_distance_readability': 0.4629, 'relevant_distance_complexity': 0.1475}, {'variant_file': 'HumanEval_817ex0tid5iC_results/generations/HumanEval_81/HumanEval_81.py-bfce1c34c84d425e33e68f701a4625a0c91e59b5245352d4af3b6322e75552dc', 'applicable_rules': ['add_nested_for_out', 'create_functions', 'add_try_except_inside_functions', 'add_else_to_for', 'add_nested_list', 'transform_range_to_recursion', 'add_datetime', 'add_time', 'add_crypto', 'add_sklearn', 'add_http', 'add_scipy', 'add_base64', 'add_dateutil'], 'applied_rules': ['add_nested_for_out', 'change_var_names', 'add_decorator', 'change_var_names'], 'complexity': {'File': 'HumanEval_817ex0tid5iC_results/generations/HumanEval_81/HumanEval_81.py-bfce1c34c84d425e33e68f701a4625a0c91e59b5245352d4af3b6322e75552dc', 'Base complexity': 17, 'Predicates with operators': 13, 'Nested levels': 3, 'Complex code structures': 3, 'Third-Party calls': 0, 'Inter_dependencies': 0, 'Intra_dependencies': 0, 'Log': 'tmp/HumanEval_817ex0tid5iC_results_generations_HumanEval_81_HumanEval_81.py-bfce1c34c84d425e33e68f701a4625a0c91e59b5245352d4af3b6322e75552dc.log'}, 'readability': {'num_tokens': 366, 'lines_of_code': 39, 'num_conditions': 12, 'num_loops': 2, 'num_assignments': 4, 'num_max_nested_loop': 2, 'num_max_nested_if': 12, 'num_max_conditions_in_if': 1, 'max_line_tokens': 37, 'num_of_variables': 6, 'num_of_arrays': 1, 'num_of_operators': 13, 'num_of_nested_casting': 0, 'entropy': 6.025554873431201}, 'relevant_distance_readability': 0.4705, 'relevant_distance_complexity': 0.144}, {'variant_file': 'HumanEval_817ex0tid5iC_results/generations/HumanEval_81/HumanEval_81.py-03d19cf45070f16ba1835287d476f9a1245740eba08a69ca1df0b134f47ce7f8', 'applicable_rules': ['add_nested_for_out', 'add_try_except_inside_functions', 'add_else_to_for', 'add_nested_list', 'add_datetime', 'add_time', 'add_crypto', 'add_sklearn', 'add_http', 'add_base64', 'add_dateutil'], 'applied_rules': ['add_decorator', 'change_var_names', 'add_scipy', 'change_var_names'], 'complexity': {'File': 'HumanEval_817ex0tid5iC_results/generations/HumanEval_81/HumanEval_81.py-03d19cf45070f16ba1835287d476f9a1245740eba08a69ca1df0b134f47ce7f8', 'Base complexity': 16, 'Predicates with operators': 12, 'Nested levels': 1, 'Complex code structures': 5, 'Third-Party calls': 1, 'Inter_dependencies': 0, 'Intra_dependencies': 0, 'Log': 'tmp/HumanEval_817ex0tid5iC_results_generations_HumanEval_81_HumanEval_81.py-03d19cf45070f16ba1835287d476f9a1245740eba08a69ca1df0b134f47ce7f8.log'}, 'readability': {'num_tokens': 372, 'lines_of_code': 38, 'num_conditions': 12, 'num_loops': 1, 'num_assignments': 2, 'num_max_nested_loop': 1, 'num_max_nested_if': 12, 'num_max_conditions_in_if': 1, 'max_line_tokens': 37, 'num_of_variables': 3, 'num_of_arrays': 3, 'num_of_operators': 12, 'num_of_nested_casting': 0, 'entropy': 6.034558715250721}, 'relevant_distance_readability': 0.5085, 'relevant_distance_complexity': 0.1397}, {'variant_file': 'HumanEval_817ex0tid5iC_results/generations/HumanEval_81/HumanEval_81.py-8e41b3ed84790c05a26a9022dc27e6e5a09370d11d21cc3819a7bde9dc88c54f', 'applicable_rules': ['add_nested_for_out', 'add_try_except_inside_functions', 'add_else_to_for', 'add_nested_list', 'add_datetime', 'add_time', 'add_crypto', 'add_http', 'add_scipy', 'add_base64', 'add_dateutil'], 'applied_rules': ['add_decorator', 'change_var_names', 'add_sklearn', 'change_var_names'], 'complexity': {'File': 'HumanEval_817ex0tid5iC_results/generations/HumanEval_81/HumanEval_81.py-8e41b3ed84790c05a26a9022dc27e6e5a09370d11d21cc3819a7bde9dc88c54f', 'Base complexity': 16, 'Predicates with operators': 12, 'Nested levels': 1, 'Complex code structures': 4, 'Third-Party calls': 1, 'Inter_dependencies': 0, 'Intra_dependencies': 0, 'Log': 'tmp/HumanEval_817ex0tid5iC_results_generations_HumanEval_81_HumanEval_81.py-8e41b3ed84790c05a26a9022dc27e6e5a09370d11d21cc3819a7bde9dc88c54f.log'}, 'readability': {'num_tokens': 364, 'lines_of_code': 38, 'num_conditions': 12, 'num_loops': 1, 'num_assignments': 2, 'num_max_nested_loop': 1, 'num_max_nested_if': 12, 'num_max_conditions_in_if': 1, 'max_line_tokens': 37, 'num_of_variables': 3, 'num_of_arrays': 2, 'num_of_operators': 12, 'num_of_nested_casting': 0, 'entropy': 6.011647192270457}, 'relevant_distance_readability': 0.5143, 'relevant_distance_complexity': 0.135}, {'variant_file': 'HumanEval_817ex0tid5iC_results/generations/HumanEval_81/HumanEval_81.py-dd5af890eca457ac14a5f4ceb14690d9910015f1cb54dc0de95f51f60ac7fa28', 'applicable_rules': ['add_nested_for_out', 'add_try_except_inside_functions', 'add_else_to_for', 'add_nested_list', 'add_time', 'add_crypto', 'add_sklearn', 'add_http', 'add_scipy', 'add_base64', 'add_dateutil'], 'applied_rules': ['add_decorator', 'change_var_names', 'add_datetime'], 'complexity': {'File': 'HumanEval_817ex0tid5iC_results/generations/HumanEval_81/HumanEval_81.py-dd5af890eca457ac14a5f4ceb14690d9910015f1cb54dc0de95f51f60ac7fa28', 'Base complexity': 16, 'Predicates with operators': 12, 'Nested levels': 1, 'Complex code structures': 3, 'Third-Party calls': 1, 'Inter_dependencies': 0, 'Intra_dependencies': 0, 'Log': 'tmp/HumanEval_817ex0tid5iC_results_generations_HumanEval_81_HumanEval_81.py-dd5af890eca457ac14a5f4ceb14690d9910015f1cb54dc0de95f51f60ac7fa28.log'}, 'readability': {'num_tokens': 355, 'lines_of_code': 38, 'num_conditions': 12, 'num_loops': 1, 'num_assignments': 2, 'num_max_nested_loop': 1, 'num_max_nested_if': 12, 'num_max_conditions_in_if': 1, 'max_line_tokens': 37, 'num_of_variables': 3, 'num_of_arrays': 1, 'num_of_operators': 12, 'num_of_nested_casting': 0, 'entropy': 5.964476686168446}, 'relevant_distance_readability': 0.5204, 'relevant_distance_complexity': 0.1303}, {'variant_file': 'HumanEval_817ex0tid5iC_results/generations/HumanEval_81/HumanEval_81.py-b0b6a0106f978aa2df0c908afc0c7a5890d05071b6006ac8f378b19bed5b4e48', 'applicable_rules': ['add_nested_for_out', 'add_try_except_inside_functions', 'add_else_to_for', 'add_nested_list', 'add_datetime', 'add_time', 'add_crypto', 'add_sklearn', 'add_http', 'add_scipy', 'add_dateutil'], 'applied_rules': ['add_decorator', 'change_var_names', 'add_base64', 'change_var_names'], 'complexity': {'File': 'HumanEval_817ex0tid5iC_results/generations/HumanEval_81/HumanEval_81.py-b0b6a0106f978aa2df0c908afc0c7a5890d05071b6006ac8f378b19bed5b4e48', 'Base complexity': 16, 'Predicates with operators': 12, 'Nested levels': 1, 'Complex code structures': 3, 'Third-Party calls': 1, 'Inter_dependencies': 0, 'Intra_dependencies': 0, 'Log': 'tmp/HumanEval_817ex0tid5iC_results_generations_HumanEval_81_HumanEval_81.py-b0b6a0106f978aa2df0c908afc0c7a5890d05071b6006ac8f378b19bed5b4e48.log'}, 'readability': {'num_tokens': 357, 'lines_of_code': 38, 'num_conditions': 12, 'num_loops': 1, 'num_assignments': 2, 'num_max_nested_loop': 1, 'num_max_nested_if': 12, 'num_max_conditions_in_if': 1, 'max_line_tokens': 37, 'num_of_variables': 3, 'num_of_arrays': 1, 'num_of_operators': 12, 'num_of_nested_casting': 0, 'entropy': 5.96839592738186}, 'relevant_distance_readability': 0.5204, 'relevant_distance_complexity': 0.1303}]",HumanEval_817ex0tid5iC_results/generations/HumanEval_81/HumanEval_81.py-a5f172256c30ababc9ef612d8bf83b4a789c040c043797d169b6237c71f1fb62,"from scipy.stats import ttest_ind

def numerical_letter_grade(grades):
    """"""It is the last week of the semester and the teacher has to give the grades
    to students. The teacher has been making her own algorithm for grading.
    The only problem is, she has lost the code she used for grading.
    She has given you a list of GPAs for some students and you have to write
    a function that can output a list of letter grades using the following table:
             GPA       |    Letter grade
              4.0                A+
            > 3.7                A
            > 3.3                A-
            > 3.0                B+
            > 2.7                B
            > 2.3                B-
            > 2.0                C+
            > 1.7                C
            > 1.3                C-
            > 1.0                D+
            > 0.7                D
            > 0.0                D-
              0.0                E


    Example:
    grade_equation([4.0, 3, 1.7, 2, 3.5]) ==> ['A+', 'B', 'C-', 'C', 'A-']
    """"""
    letter_grade = []
    ttest_ind([44, 28, 55], [75, 58, 62])
    LoopChecker127 = 200
    newLoopChecker227_1 = 199
    for LoopIndexOut in range(LoopChecker127 // newLoopChecker227_1):
        for gpa in grades:
            if gpa == 4.0:
                letter_grade.append('A+')
            elif gpa > 3.7:
                letter_grade.append('A')
            elif gpa > 3.3:
                letter_grade.append('A-')
            elif gpa > 3.0:
                letter_grade.append('B+')
            elif gpa > 2.7:
                letter_grade.append('B')
            elif gpa > 2.3:
                letter_grade.append('B-')
            elif gpa > 2.0:
                letter_grade.append('C+')
            elif gpa > 1.7:
                letter_grade.append('C')
            elif gpa > 1.3:
                letter_grade.append('C-')
            elif gpa > 1.0:
                letter_grade.append('D+')
            elif gpa > 0.7:
                letter_grade.append('D')
            elif gpa > 0.0:
                letter_grade.append('D-')
            else:
                letter_grade.append('E')
    return letter_grade",[],0.1378,0.4995,0.1303,0.4629,0.1475,0.5204,"['add_nested_for_out', 'change_var_names', 'add_scipy']",0.1475,0.4629,"{1: {'HumanEval_817ex0tid5iC_results/generations/HumanEval_81/HumanEval_81.py-303a8092358fb0306b0772b05d469b5c787b54149b3fa8dd15b22e32775a73af': {'variant_file': 'HumanEval_817ex0tid5iC_results/generations/HumanEval_81/HumanEval_81.py-303a8092358fb0306b0772b05d469b5c787b54149b3fa8dd15b22e32775a73af', 'applicable_rules': ['add_nested_for_out', 'create_functions', 'add_try_except_inside_functions', 'add_else_to_for', 'add_nested_list', 'transform_range_to_recursion', 'transform_function_to_class', 'add_decorator', 'add_datetime', 'add_time', 'add_crypto', 'add_sklearn', 'add_http', 'add_scipy', 'add_base64', 'add_dateutil'], 'applied_rules': ['add_nested_for_out', 'change_var_names'], 'complexity': {'File': 'HumanEval_817ex0tid5iC_results/generations/HumanEval_81/HumanEval_81.py-303a8092358fb0306b0772b05d469b5c787b54149b3fa8dd15b22e32775a73af', 'Base complexity': 15, 'Predicates with operators': 13, 'Nested levels': 3, 'Complex code structures': 1, 'Third-Party calls': 0, 'Inter_dependencies': 0, 'Intra_dependencies': 0, 'Log': 'tmp/HumanEval_817ex0tid5iC_results_generations_HumanEval_81_HumanEval_81.py-303a8092358fb0306b0772b05d469b5c787b54149b3fa8dd15b22e32775a73af.log'}, 'readability': {'num_tokens': 332, 'lines_of_code': 33, 'num_conditions': 12, 'num_loops': 2, 'num_assignments': 3, 'num_max_nested_loop': 2, 'num_max_nested_if': 12, 'num_max_conditions_in_if': 1, 'max_line_tokens': 37, 'num_of_variables': 5, 'num_of_arrays': 1, 'num_of_operators': 13, 'num_of_nested_casting': 0, 'entropy': 5.914789990217472}, 'relevant_distance_readability': 0.4756, 'relevant_distance_complexity': 0.1303}, 'HumanEval_817ex0tid5iC_results/generations/HumanEval_81/HumanEval_81.py-2f180c681753ae58cc5dbcc0cdaa93b30bee4f3a1040e971b19839391f836c25': {'variant_file': 'HumanEval_817ex0tid5iC_results/generations/HumanEval_81/HumanEval_81.py-2f180c681753ae58cc5dbcc0cdaa93b30bee4f3a1040e971b19839391f836c25', 'applicable_rules': ['add_nested_for_out', 'add_else_to_for', 'add_nested_list', 'transform_function_to_class', 'add_decorator', 'add_datetime', 'add_time', 'add_crypto', 'add_sklearn', 'add_http', 'add_scipy', 'add_base64', 'add_dateutil'], 'applied_rules': ['add_try_except_inside_functions', 'change_var_names'], 'complexity': {'File': 'HumanEval_817ex0tid5iC_results/generations/HumanEval_81/HumanEval_81.py-2f180c681753ae58cc5dbcc0cdaa93b30bee4f3a1040e971b19839391f836c25', 'Base complexity': 16, 'Predicates with operators': 12, 'Nested levels': 1, 'Complex code structures': 1, 'Third-Party calls': 0, 'Inter_dependencies': 0, 'Intra_dependencies': 0, 'Log': 'tmp/HumanEval_817ex0tid5iC_results_generations_HumanEval_81_HumanEval_81.py-2f180c681753ae58cc5dbcc0cdaa93b30bee4f3a1040e971b19839391f836c25.log'}, 'readability': {'num_tokens': 318, 'lines_of_code': 33, 'num_conditions': 12, 'num_loops': 1, 'num_assignments': 1, 'num_max_nested_loop': 1, 'num_max_nested_if': 12, 'num_max_conditions_in_if': 1, 'max_line_tokens': 159, 'num_of_variables': 2, 'num_of_arrays': 1, 'num_of_operators': 12, 'num_of_nested_casting': 0, 'entropy': 5.91578412802824}, 'relevant_distance_readability': 0.2436, 'relevant_distance_complexity': 0.1131}, 'HumanEval_817ex0tid5iC_results/generations/HumanEval_81/HumanEval_81.py-8d1e94cd31362f2790fdf240d1539fb009e144ee3309d3e62629a69cec6d45c2': {'variant_file': 'HumanEval_817ex0tid5iC_results/generations/HumanEval_81/HumanEval_81.py-8d1e94cd31362f2790fdf240d1539fb009e144ee3309d3e62629a69cec6d45c2', 'applicable_rules': ['add_nested_for_out', 'add_try_except_inside_functions', 'add_nested_list', 'transform_function_to_class', 'add_decorator', 'add_datetime', 'add_time', 'add_crypto', 'add_sklearn', 'add_http', 'add_scipy', 'add_base64', 'add_dateutil'], 'applied_rules': ['add_else_to_for', 'change_var_names'], 'complexity': {'File': 'HumanEval_817ex0tid5iC_results/generations/HumanEval_81/HumanEval_81.py-8d1e94cd31362f2790fdf240d1539fb009e144ee3309d3e62629a69cec6d45c2', 'Base complexity': 14, 'Predicates with operators': 12, 'Nested levels': 1, 'Complex code structures': 1, 'Third-Party calls': 0, 'Inter_dependencies': 0, 'Intra_dependencies': 0, 'Log': 'tmp/HumanEval_817ex0tid5iC_results_generations_HumanEval_81_HumanEval_81.py-8d1e94cd31362f2790fdf240d1539fb009e144ee3309d3e62629a69cec6d45c2.log'}, 'readability': {'num_tokens': 319, 'lines_of_code': 31, 'num_conditions': 12, 'num_loops': 1, 'num_assignments': 1, 'num_max_nested_loop': 1, 'num_max_nested_if': 12, 'num_max_conditions_in_if': 1, 'max_line_tokens': 37, 'num_of_variables': 2, 'num_of_arrays': 1, 'num_of_operators': 12, 'num_of_nested_casting': 0, 'entropy': 5.829497239637504}, 'relevant_distance_readability': 0.526, 'relevant_distance_complexity': 0.1087}, 'HumanEval_817ex0tid5iC_results/generations/HumanEval_81/HumanEval_81.py-0230dcea1ac36c376d4d55a07f8f347318a93032fa1d6ca7df39436d4aabc306': {'variant_file': 'HumanEval_817ex0tid5iC_results/generations/HumanEval_81/HumanEval_81.py-0230dcea1ac36c376d4d55a07f8f347318a93032fa1d6ca7df39436d4aabc306', 'applicable_rules': ['add_nested_for_out', 'add_try_except_inside_functions', 'add_else_to_for', 'transform_function_to_class', 'add_decorator', 'add_datetime', 'add_time', 'add_crypto', 'add_sklearn', 'add_http', 'add_scipy', 'add_base64', 'add_dateutil'], 'applied_rules': ['add_nested_list'], 'complexity': {'File': 'HumanEval_817ex0tid5iC_results/generations/HumanEval_81/HumanEval_81.py-0230dcea1ac36c376d4d55a07f8f347318a93032fa1d6ca7df39436d4aabc306', 'Base complexity': 14, 'Predicates with operators': 12, 'Nested levels': 1, 'Complex code structures': 2, 'Third-Party calls': 0, 'Inter_dependencies': 0, 'Intra_dependencies': 0, 'Log': 'tmp/HumanEval_817ex0tid5iC_results_generations_HumanEval_81_HumanEval_81.py-0230dcea1ac36c376d4d55a07f8f347318a93032fa1d6ca7df39436d4aabc306.log'}, 'readability': {'num_tokens': 321, 'lines_of_code': 30, 'num_conditions': 12, 'num_loops': 1, 'num_assignments': 1, 'num_max_nested_loop': 1, 'num_max_nested_if': 12, 'num_max_conditions_in_if': 1, 'max_line_tokens': 37, 'num_of_variables': 2, 'num_of_arrays': 2, 'num_of_operators': 12, 'num_of_nested_casting': 0, 'entropy': 5.83489450716443}, 'relevant_distance_readability': 0.5206, 'relevant_distance_complexity': 0.1134}, 'HumanEval_817ex0tid5iC_results/generations/HumanEval_81/HumanEval_81.py-72decf1b39f2787aeaa13570b39226f413ea1bf562b0cf75de05606bb2f16265': {'variant_file': 'HumanEval_817ex0tid5iC_results/generations/HumanEval_81/HumanEval_81.py-72decf1b39f2787aeaa13570b39226f413ea1bf562b0cf75de05606bb2f16265', 'applicable_rules': ['add_nested_for_out', 'add_try_except_inside_functions', 'add_else_to_for', 'add_nested_list', 'add_datetime', 'add_time', 'add_crypto', 'add_sklearn', 'add_http', 'add_scipy', 'add_base64', 'add_dateutil'], 'applied_rules': ['add_decorator', 'change_var_names'], 'complexity': {'File': 'HumanEval_817ex0tid5iC_results/generations/HumanEval_81/HumanEval_81.py-72decf1b39f2787aeaa13570b39226f413ea1bf562b0cf75de05606bb2f16265', 'Base complexity': 16, 'Predicates with operators': 12, 'Nested levels': 1, 'Complex code structures': 3, 'Third-Party calls': 0, 'Inter_dependencies': 0, 'Intra_dependencies': 0, 'Log': 'tmp/HumanEval_817ex0tid5iC_results_generations_HumanEval_81_HumanEval_81.py-72decf1b39f2787aeaa13570b39226f413ea1bf562b0cf75de05606bb2f16265.log'}, 'readability': {'num_tokens': 350, 'lines_of_code': 36, 'num_conditions': 12, 'num_loops': 1, 'num_assignments': 2, 'num_max_nested_loop': 1, 'num_max_nested_if': 12, 'num_max_conditions_in_if': 1, 'max_line_tokens': 37, 'num_of_variables': 3, 'num_of_arrays': 1, 'num_of_operators': 12, 'num_of_nested_casting': 0, 'entropy': 5.940492448802478}, 'relevant_distance_readability': 0.5211, 'relevant_distance_complexity': 0.1224}, 'HumanEval_817ex0tid5iC_results/generations/HumanEval_81/HumanEval_81.py-621b0e4d21d911e762088f6ba85974efadef0204efdd80c9cef321979a41451a': {'variant_file': 'HumanEval_817ex0tid5iC_results/generations/HumanEval_81/HumanEval_81.py-621b0e4d21d911e762088f6ba85974efadef0204efdd80c9cef321979a41451a', 'applicable_rules': ['add_nested_for_out', 'add_try_except_inside_functions', 'add_else_to_for', 'add_nested_list', 'transform_function_to_class', 'add_decorator', 'add_time', 'add_crypto', 'add_sklearn', 'add_http', 'add_scipy', 'add_base64', 'add_dateutil'], 'applied_rules': ['add_datetime'], 'complexity': {'File': 'HumanEval_817ex0tid5iC_results/generations/HumanEval_81/HumanEval_81.py-621b0e4d21d911e762088f6ba85974efadef0204efdd80c9cef321979a41451a', 'Base complexity': 14, 'Predicates with operators': 12, 'Nested levels': 1, 'Complex code structures': 1, 'Third-Party calls': 1, 'Inter_dependencies': 0, 'Intra_dependencies': 0, 'Log': 'tmp/HumanEval_817ex0tid5iC_results_generations_HumanEval_81_HumanEval_81.py-621b0e4d21d911e762088f6ba85974efadef0204efdd80c9cef321979a41451a.log'}, 'readability': {'num_tokens': 321, 'lines_of_code': 32, 'num_conditions': 12, 'num_loops': 1, 'num_assignments': 1, 'num_max_nested_loop': 1, 'num_max_nested_if': 12, 'num_max_conditions_in_if': 1, 'max_line_tokens': 37, 'num_of_variables': 2, 'num_of_arrays': 1, 'num_of_operators': 12, 'num_of_nested_casting': 0, 'entropy': 5.843979316550106}, 'relevant_distance_readability': 0.5256, 'relevant_distance_complexity': 0.1166}, 'HumanEval_817ex0tid5iC_results/generations/HumanEval_81/HumanEval_81.py-db21de7dbd45ad3c6b186d036228fe5792f37dbbb8232e03f8ff9431c304f9af': {'variant_file': 'HumanEval_817ex0tid5iC_results/generations/HumanEval_81/HumanEval_81.py-db21de7dbd45ad3c6b186d036228fe5792f37dbbb8232e03f8ff9431c304f9af', 'applicable_rules': ['add_nested_for_out', 'add_try_except_inside_functions', 'add_else_to_for', 'add_nested_list', 'transform_function_to_class', 'add_decorator', 'add_datetime', 'add_crypto', 'add_sklearn', 'add_http', 'add_scipy', 'add_base64', 'add_dateutil'], 'applied_rules': ['add_time'], 'complexity': {'File': 'HumanEval_817ex0tid5iC_results/generations/HumanEval_81/HumanEval_81.py-db21de7dbd45ad3c6b186d036228fe5792f37dbbb8232e03f8ff9431c304f9af', 'Base complexity': 14, 'Predicates with operators': 12, 'Nested levels': 1, 'Complex code structures': 1, 'Third-Party calls': 1, 'Inter_dependencies': 0, 'Intra_dependencies': 0, 'Log': 'tmp/HumanEval_817ex0tid5iC_results_generations_HumanEval_81_HumanEval_81.py-db21de7dbd45ad3c6b186d036228fe5792f37dbbb8232e03f8ff9431c304f9af.log'}, 'readability': {'num_tokens': 322, 'lines_of_code': 32, 'num_conditions': 12, 'num_loops': 1, 'num_assignments': 1, 'num_max_nested_loop': 1, 'num_max_nested_if': 12, 'num_max_conditions_in_if': 1, 'max_line_tokens': 37, 'num_of_variables': 2, 'num_of_arrays': 1, 'num_of_operators': 12, 'num_of_nested_casting': 0, 'entropy': 5.85617618012185}, 'relevant_distance_readability': 0.5255, 'relevant_distance_complexity': 0.1166}, 'HumanEval_817ex0tid5iC_results/generations/HumanEval_81/HumanEval_81.py-2d232c025c130b038e5bc803fa958e2ccef9fed8b25929f57f59caf58be496b3': {'variant_file': 'HumanEval_817ex0tid5iC_results/generations/HumanEval_81/HumanEval_81.py-2d232c025c130b038e5bc803fa958e2ccef9fed8b25929f57f59caf58be496b3', 'applicable_rules': ['add_nested_for_out', 'add_try_except_inside_functions', 'add_else_to_for', 'add_nested_list', 'transform_function_to_class', 'add_decorator', 'add_datetime', 'add_time', 'add_sklearn', 'add_http', 'add_scipy', 'add_base64', 'add_dateutil'], 'applied_rules': ['add_crypto'], 'complexity': {'File': 'HumanEval_817ex0tid5iC_results/generations/HumanEval_81/HumanEval_81.py-2d232c025c130b038e5bc803fa958e2ccef9fed8b25929f57f59caf58be496b3', 'Base complexity': 14, 'Predicates with operators': 12, 'Nested levels': 1, 'Complex code structures': 1, 'Third-Party calls': 1, 'Inter_dependencies': 0, 'Intra_dependencies': 0, 'Log': 'tmp/HumanEval_817ex0tid5iC_results_generations_HumanEval_81_HumanEval_81.py-2d232c025c130b038e5bc803fa958e2ccef9fed8b25929f57f59caf58be496b3.log'}, 'readability': {'num_tokens': 323, 'lines_of_code': 32, 'num_conditions': 12, 'num_loops': 1, 'num_assignments': 1, 'num_max_nested_loop': 1, 'num_max_nested_if': 12, 'num_max_conditions_in_if': 1, 'max_line_tokens': 37, 'num_of_variables': 2, 'num_of_arrays': 1, 'num_of_operators': 12, 'num_of_nested_casting': 0, 'entropy': 5.868311392608257}, 'relevant_distance_readability': 0.5253, 'relevant_distance_complexity': 0.1166}, 'HumanEval_817ex0tid5iC_results/generations/HumanEval_81/HumanEval_81.py-1a4711ec00b323f543ddf7b474aba0986ca592a28222aa4f55632c959d28e4a0': {'variant_file': 'HumanEval_817ex0tid5iC_results/generations/HumanEval_81/HumanEval_81.py-1a4711ec00b323f543ddf7b474aba0986ca592a28222aa4f55632c959d28e4a0', 'applicable_rules': ['add_nested_for_out', 'add_try_except_inside_functions', 'add_else_to_for', 'add_nested_list', 'transform_function_to_class', 'add_decorator', 'add_datetime', 'add_time', 'add_crypto', 'add_http', 'add_scipy', 'add_base64', 'add_dateutil'], 'applied_rules': ['add_sklearn', 'change_var_names'], 'complexity': {'File': 'HumanEval_817ex0tid5iC_results/generations/HumanEval_81/HumanEval_81.py-1a4711ec00b323f543ddf7b474aba0986ca592a28222aa4f55632c959d28e4a0', 'Base complexity': 14, 'Predicates with operators': 12, 'Nested levels': 1, 'Complex code structures': 2, 'Third-Party calls': 1, 'Inter_dependencies': 0, 'Intra_dependencies': 0, 'Log': 'tmp/HumanEval_817ex0tid5iC_results_generations_HumanEval_81_HumanEval_81.py-1a4711ec00b323f543ddf7b474aba0986ca592a28222aa4f55632c959d28e4a0.log'}, 'readability': {'num_tokens': 330, 'lines_of_code': 32, 'num_conditions': 12, 'num_loops': 1, 'num_assignments': 1, 'num_max_nested_loop': 1, 'num_max_nested_if': 12, 'num_max_conditions_in_if': 1, 'max_line_tokens': 37, 'num_of_variables': 2, 'num_of_arrays': 2, 'num_of_operators': 12, 'num_of_nested_casting': 0, 'entropy': 5.896985388362871}, 'relevant_distance_readability': 0.5194, 'relevant_distance_complexity': 0.1213}, 'HumanEval_817ex0tid5iC_results/generations/HumanEval_81/HumanEval_81.py-99a3fa7e5f6c23305062c4f61b80a0f802af17e316dc51b3845d708ac8b3eb11': {'variant_file': 'HumanEval_817ex0tid5iC_results/generations/HumanEval_81/HumanEval_81.py-99a3fa7e5f6c23305062c4f61b80a0f802af17e316dc51b3845d708ac8b3eb11', 'applicable_rules': ['add_nested_for_out', 'add_try_except_inside_functions', 'add_else_to_for', 'add_nested_list', 'transform_function_to_class', 'add_decorator', 'add_datetime', 'add_time', 'add_crypto', 'add_sklearn', 'add_scipy', 'add_base64', 'add_dateutil'], 'applied_rules': ['add_http', 'change_var_names'], 'complexity': {'File': 'HumanEval_817ex0tid5iC_results/generations/HumanEval_81/HumanEval_81.py-99a3fa7e5f6c23305062c4f61b80a0f802af17e316dc51b3845d708ac8b3eb11', 'Base complexity': 14, 'Predicates with operators': 12, 'Nested levels': 1, 'Complex code structures': 1, 'Third-Party calls': 1, 'Inter_dependencies': 0, 'Intra_dependencies': 0, 'Log': 'tmp/HumanEval_817ex0tid5iC_results_generations_HumanEval_81_HumanEval_81.py-99a3fa7e5f6c23305062c4f61b80a0f802af17e316dc51b3845d708ac8b3eb11.log'}, 'readability': {'num_tokens': 327, 'lines_of_code': 32, 'num_conditions': 12, 'num_loops': 1, 'num_assignments': 1, 'num_max_nested_loop': 1, 'num_max_nested_if': 12, 'num_max_conditions_in_if': 1, 'max_line_tokens': 37, 'num_of_variables': 2, 'num_of_arrays': 1, 'num_of_operators': 12, 'num_of_nested_casting': 0, 'entropy': 5.875883243378055}, 'relevant_distance_readability': 0.5252, 'relevant_distance_complexity': 0.1166}, 'HumanEval_817ex0tid5iC_results/generations/HumanEval_81/HumanEval_81.py-5b197759f821804fe25f82a2278573b8dbe58a597788dd6425be57a63fc7495b': {'variant_file': 'HumanEval_817ex0tid5iC_results/generations/HumanEval_81/HumanEval_81.py-5b197759f821804fe25f82a2278573b8dbe58a597788dd6425be57a63fc7495b', 'applicable_rules': ['add_nested_for_out', 'add_try_except_inside_functions', 'add_else_to_for', 'add_nested_list', 'transform_function_to_class', 'add_decorator', 'add_datetime', 'add_time', 'add_crypto', 'add_sklearn', 'add_http', 'add_base64', 'add_dateutil'], 'applied_rules': ['add_scipy'], 'complexity': {'File': 'HumanEval_817ex0tid5iC_results/generations/HumanEval_81/HumanEval_81.py-5b197759f821804fe25f82a2278573b8dbe58a597788dd6425be57a63fc7495b', 'Base complexity': 14, 'Predicates with operators': 12, 'Nested levels': 1, 'Complex code structures': 3, 'Third-Party calls': 1, 'Inter_dependencies': 0, 'Intra_dependencies': 0, 'Log': 'tmp/HumanEval_817ex0tid5iC_results_generations_HumanEval_81_HumanEval_81.py-5b197759f821804fe25f82a2278573b8dbe58a597788dd6425be57a63fc7495b.log'}, 'readability': {'num_tokens': 335, 'lines_of_code': 32, 'num_conditions': 12, 'num_loops': 1, 'num_assignments': 1, 'num_max_nested_loop': 1, 'num_max_nested_if': 12, 'num_max_conditions_in_if': 1, 'max_line_tokens': 159, 'num_of_variables': 2, 'num_of_arrays': 3, 'num_of_operators': 12, 'num_of_nested_casting': 0, 'entropy': 5.993002047776815}, 'relevant_distance_readability': 0.2318, 'relevant_distance_complexity': 0.126}, 'HumanEval_817ex0tid5iC_results/generations/HumanEval_81/HumanEval_81.py-06a3bb4a9075b8e96b23384dc46f35ab31021041d4a48c2e4f4b09a6d6e74085': {'variant_file': 'HumanEval_817ex0tid5iC_results/generations/HumanEval_81/HumanEval_81.py-06a3bb4a9075b8e96b23384dc46f35ab31021041d4a48c2e4f4b09a6d6e74085', 'applicable_rules': ['add_nested_for_out', 'add_try_except_inside_functions', 'add_else_to_for', 'add_nested_list', 'transform_function_to_class', 'add_decorator', 'add_datetime', 'add_time', 'add_crypto', 'add_sklearn', 'add_http', 'add_scipy', 'add_dateutil'], 'applied_rules': ['add_base64', 'change_var_names'], 'complexity': {'File': 'HumanEval_817ex0tid5iC_results/generations/HumanEval_81/HumanEval_81.py-06a3bb4a9075b8e96b23384dc46f35ab31021041d4a48c2e4f4b09a6d6e74085', 'Base complexity': 14, 'Predicates with operators': 12, 'Nested levels': 1, 'Complex code structures': 1, 'Third-Party calls': 1, 'Inter_dependencies': 0, 'Intra_dependencies': 0, 'Log': 'tmp/HumanEval_817ex0tid5iC_results_generations_HumanEval_81_HumanEval_81.py-06a3bb4a9075b8e96b23384dc46f35ab31021041d4a48c2e4f4b09a6d6e74085.log'}, 'readability': {'num_tokens': 320, 'lines_of_code': 32, 'num_conditions': 12, 'num_loops': 1, 'num_assignments': 1, 'num_max_nested_loop': 1, 'num_max_nested_if': 12, 'num_max_conditions_in_if': 1, 'max_line_tokens': 159, 'num_of_variables': 2, 'num_of_arrays': 1, 'num_of_operators': 12, 'num_of_nested_casting': 0, 'entropy': 5.9208165779851685}, 'relevant_distance_readability': 0.2437, 'relevant_distance_complexity': 0.1166}, 'HumanEval_817ex0tid5iC_results/generations/HumanEval_81/HumanEval_81.py-0852f7d9885213046b3bd0eb22ada667b022cc7943aa00da162bfe4597fd370d': {'variant_file': 'HumanEval_817ex0tid5iC_results/generations/HumanEval_81/HumanEval_81.py-0852f7d9885213046b3bd0eb22ada667b022cc7943aa00da162bfe4597fd370d', 'applicable_rules': ['add_nested_for_out', 'add_try_except_inside_functions', 'add_else_to_for', 'add_nested_list', 'transform_function_to_class', 'add_decorator', 'add_datetime', 'add_time', 'add_crypto', 'add_sklearn', 'add_http', 'add_scipy', 'add_base64'], 'applied_rules': ['add_dateutil'], 'complexity': {'File': 'HumanEval_817ex0tid5iC_results/generations/HumanEval_81/HumanEval_81.py-0852f7d9885213046b3bd0eb22ada667b022cc7943aa00da162bfe4597fd370d', 'Base complexity': 14, 'Predicates with operators': 12, 'Nested levels': 1, 'Complex code structures': 1, 'Third-Party calls': 1, 'Inter_dependencies': 0, 'Intra_dependencies': 0, 'Log': 'tmp/HumanEval_817ex0tid5iC_results_generations_HumanEval_81_HumanEval_81.py-0852f7d9885213046b3bd0eb22ada667b022cc7943aa00da162bfe4597fd370d.log'}, 'readability': {'num_tokens': 326, 'lines_of_code': 32, 'num_conditions': 12, 'num_loops': 1, 'num_assignments': 1, 'num_max_nested_loop': 1, 'num_max_nested_if': 12, 'num_max_conditions_in_if': 1, 'max_line_tokens': 37, 'num_of_variables': 2, 'num_of_arrays': 1, 'num_of_operators': 12, 'num_of_nested_casting': 0, 'entropy': 5.878251971969265}, 'relevant_distance_readability': 0.5252, 'relevant_distance_complexity': 0.1166}}, 2: {'HumanEval_817ex0tid5iC_results/generations/HumanEval_81/HumanEval_81.py-40c2419bb0b1ea65dbc51e5c9f9768b5f8896c10a43050ece2a9276406600618': {'variant_file': 'HumanEval_817ex0tid5iC_results/generations/HumanEval_81/HumanEval_81.py-40c2419bb0b1ea65dbc51e5c9f9768b5f8896c10a43050ece2a9276406600618', 'applicable_rules': ['add_nested_for_out', 'create_functions', 'add_try_except_inside_functions', 'add_else_to_for', 'add_nested_list', 'transform_range_to_recursion', 'transform_function_to_class', 'add_decorator', 'add_datetime', 'add_time', 'add_crypto', 'add_sklearn', 'add_http', 'add_scipy', 'add_base64', 'add_dateutil'], 'applied_rules': ['add_nested_for_out', 'change_var_names', 'change_var_names'], 'complexity': {'File': 'HumanEval_817ex0tid5iC_results/generations/HumanEval_81/HumanEval_81.py-40c2419bb0b1ea65dbc51e5c9f9768b5f8896c10a43050ece2a9276406600618', 'Base complexity': 15, 'Predicates with operators': 13, 'Nested levels': 3, 'Complex code structures': 1, 'Third-Party calls': 0, 'Inter_dependencies': 0, 'Intra_dependencies': 0, 'Log': 'tmp/HumanEval_817ex0tid5iC_results_generations_HumanEval_81_HumanEval_81.py-40c2419bb0b1ea65dbc51e5c9f9768b5f8896c10a43050ece2a9276406600618.log'}, 'readability': {'num_tokens': 332, 'lines_of_code': 33, 'num_conditions': 12, 'num_loops': 2, 'num_assignments': 3, 'num_max_nested_loop': 2, 'num_max_nested_if': 12, 'num_max_conditions_in_if': 1, 'max_line_tokens': 37, 'num_of_variables': 5, 'num_of_arrays': 1, 'num_of_operators': 13, 'num_of_nested_casting': 0, 'entropy': 5.914789990217472}, 'relevant_distance_readability': 0.4756, 'relevant_distance_complexity': 0.1303}, 'HumanEval_817ex0tid5iC_results/generations/HumanEval_81/HumanEval_81.py-b0cd4b9eeee54482ff4a05f35b2b474672ebeef6a96e2b0408a1d3f87a8b96e5': {'variant_file': 'HumanEval_817ex0tid5iC_results/generations/HumanEval_81/HumanEval_81.py-b0cd4b9eeee54482ff4a05f35b2b474672ebeef6a96e2b0408a1d3f87a8b96e5', 'applicable_rules': ['add_nested_for_out', 'create_functions', 'add_try_except_inside_functions', 'add_else_to_for', 'add_nested_list', 'transform_range_to_recursion', 'transform_function_to_class', 'add_decorator', 'add_datetime', 'add_time', 'add_crypto', 'add_sklearn', 'add_http', 'add_scipy', 'add_base64', 'add_dateutil'], 'applied_rules': ['add_nested_for_out', 'change_var_names', 'create_functions'], 'complexity': {'File': 'HumanEval_817ex0tid5iC_results/generations/HumanEval_81/HumanEval_81.py-b0cd4b9eeee54482ff4a05f35b2b474672ebeef6a96e2b0408a1d3f87a8b96e5', 'Base complexity': 15, 'Predicates with operators': 12, 'Nested levels': 3, 'Complex code structures': 1, 'Third-Party calls': 0, 'Inter_dependencies': 0, 'Intra_dependencies': 1, 'Log': 'tmp/HumanEval_817ex0tid5iC_results_generations_HumanEval_81_HumanEval_81.py-b0cd4b9eeee54482ff4a05f35b2b474672ebeef6a96e2b0408a1d3f87a8b96e5.log'}, 'readability': {'num_tokens': 347, 'lines_of_code': 35, 'num_conditions': 12, 'num_loops': 2, 'num_assignments': 3, 'num_max_nested_loop': 2, 'num_max_nested_if': 12, 'num_max_conditions_in_if': 1, 'max_line_tokens': 37, 'num_of_variables': 5, 'num_of_arrays': 1, 'num_of_operators': 13, 'num_of_nested_casting': 0, 'entropy': 5.9346095384552875}, 'relevant_distance_readability': 0.4748, 'relevant_distance_complexity': 0.1341}, 'HumanEval_817ex0tid5iC_results/generations/HumanEval_81/HumanEval_81.py-138a5d5f67bc2150b0fdb7e4d6ce73c7948c63cc1a90779037eef7279cdd0591': {'variant_file': 'HumanEval_817ex0tid5iC_results/generations/HumanEval_81/HumanEval_81.py-138a5d5f67bc2150b0fdb7e4d6ce73c7948c63cc1a90779037eef7279cdd0591', 'applicable_rules': ['add_nested_for_out', 'create_functions', 'add_else_to_for', 'add_nested_list', 'transform_range_to_recursion', 'transform_function_to_class', 'add_decorator', 'add_datetime', 'add_time', 'add_crypto', 'add_sklearn', 'add_http', 'add_scipy', 'add_base64', 'add_dateutil'], 'applied_rules': ['add_nested_for_out', 'change_var_names', 'add_try_except_inside_functions', 'change_var_names'], 'complexity': {'File': 'HumanEval_817ex0tid5iC_results/generations/HumanEval_81/HumanEval_81.py-138a5d5f67bc2150b0fdb7e4d6ce73c7948c63cc1a90779037eef7279cdd0591', 'Base complexity': 17, 'Predicates with operators': 13, 'Nested levels': 3, 'Complex code structures': 1, 'Third-Party calls': 0, 'Inter_dependencies': 0, 'Intra_dependencies': 0, 'Log': 'tmp/HumanEval_817ex0tid5iC_results_generations_HumanEval_81_HumanEval_81.py-138a5d5f67bc2150b0fdb7e4d6ce73c7948c63cc1a90779037eef7279cdd0591.log'}, 'readability': {'num_tokens': 334, 'lines_of_code': 36, 'num_conditions': 12, 'num_loops': 2, 'num_assignments': 3, 'num_max_nested_loop': 2, 'num_max_nested_if': 12, 'num_max_conditions_in_if': 1, 'max_line_tokens': 159, 'num_of_variables': 5, 'num_of_arrays': 1, 'num_of_operators': 13, 'num_of_nested_casting': 0, 'entropy': 6.008964243617425}, 'relevant_distance_readability': 0.193, 'relevant_distance_complexity': 0.1346}, 'HumanEval_817ex0tid5iC_results/generations/HumanEval_81/HumanEval_81.py-3247e17e3ecac02daba0ad15d32d3ff80c217bc4ae621563823693f4131555fa': {'variant_file': 'HumanEval_817ex0tid5iC_results/generations/HumanEval_81/HumanEval_81.py-3247e17e3ecac02daba0ad15d32d3ff80c217bc4ae621563823693f4131555fa', 'applicable_rules': ['add_nested_for_out', 'create_functions', 'add_try_except_inside_functions', 'add_else_to_for', 'add_nested_list', 'transform_range_to_recursion', 'transform_function_to_class', 'add_decorator', 'add_datetime', 'add_time', 'add_crypto', 'add_sklearn', 'add_http', 'add_scipy', 'add_base64', 'add_dateutil'], 'applied_rules': ['add_nested_for_out', 'change_var_names', 'add_else_to_for', 'change_var_names'], 'complexity': {'File': 'HumanEval_817ex0tid5iC_results/generations/HumanEval_81/HumanEval_81.py-3247e17e3ecac02daba0ad15d32d3ff80c217bc4ae621563823693f4131555fa', 'Base complexity': 15, 'Predicates with operators': 13, 'Nested levels': 3, 'Complex code structures': 1, 'Third-Party calls': 0, 'Inter_dependencies': 0, 'Intra_dependencies': 0, 'Log': 'tmp/HumanEval_817ex0tid5iC_results_generations_HumanEval_81_HumanEval_81.py-3247e17e3ecac02daba0ad15d32d3ff80c217bc4ae621563823693f4131555fa.log'}, 'readability': {'num_tokens': 335, 'lines_of_code': 34, 'num_conditions': 12, 'num_loops': 2, 'num_assignments': 3, 'num_max_nested_loop': 2, 'num_max_nested_if': 12, 'num_max_conditions_in_if': 1, 'max_line_tokens': 37, 'num_of_variables': 5, 'num_of_arrays': 1, 'num_of_operators': 13, 'num_of_nested_casting': 0, 'entropy': 5.92695821912292}, 'relevant_distance_readability': 0.4753, 'relevant_distance_complexity': 0.1303}, 'HumanEval_817ex0tid5iC_results/generations/HumanEval_81/HumanEval_81.py-52383aa49c8d1810b76217796311eae07d3bd86780bc0666ec66e126e289ca5e': {'variant_file': 'HumanEval_817ex0tid5iC_results/generations/HumanEval_81/HumanEval_81.py-52383aa49c8d1810b76217796311eae07d3bd86780bc0666ec66e126e289ca5e', 'applicable_rules': ['add_nested_for_out', 'create_functions', 'add_try_except_inside_functions', 'add_else_to_for', 'add_nested_list', 'transform_range_to_recursion', 'transform_function_to_class', 'add_decorator', 'add_datetime', 'add_time', 'add_crypto', 'add_sklearn', 'add_http', 'add_scipy', 'add_base64', 'add_dateutil'], 'applied_rules': ['add_nested_for_out', 'change_var_names', 'add_nested_list', 'change_var_names'], 'complexity': {'File': 'HumanEval_817ex0tid5iC_results/generations/HumanEval_81/HumanEval_81.py-52383aa49c8d1810b76217796311eae07d3bd86780bc0666ec66e126e289ca5e', 'Base complexity': 15, 'Predicates with operators': 13, 'Nested levels': 3, 'Complex code structures': 2, 'Third-Party calls': 0, 'Inter_dependencies': 0, 'Intra_dependencies': 0, 'Log': 'tmp/HumanEval_817ex0tid5iC_results_generations_HumanEval_81_HumanEval_81.py-52383aa49c8d1810b76217796311eae07d3bd86780bc0666ec66e126e289ca5e.log'}, 'readability': {'num_tokens': 337, 'lines_of_code': 33, 'num_conditions': 12, 'num_loops': 2, 'num_assignments': 3, 'num_max_nested_loop': 2, 'num_max_nested_if': 12, 'num_max_conditions_in_if': 1, 'max_line_tokens': 37, 'num_of_variables': 5, 'num_of_arrays': 2, 'num_of_operators': 13, 'num_of_nested_casting': 0, 'entropy': 5.932176530738165}, 'relevant_distance_readability': 0.4699, 'relevant_distance_complexity': 0.135}, 'HumanEval_817ex0tid5iC_results/generations/HumanEval_81/HumanEval_81.py-faab171f4f6914e8f7bb07f5713d7c8dc062e69e001cfa20e7c852061c25bd26': {'variant_file': 'HumanEval_817ex0tid5iC_results/generations/HumanEval_81/HumanEval_81.py-faab171f4f6914e8f7bb07f5713d7c8dc062e69e001cfa20e7c852061c25bd26', 'applicable_rules': ['add_nested_for_out', 'add_nested_if', 'create_functions', 'add_try_except_inside_functions', 'add_else_to_for', 'add_nested_list', 'transform_function_to_class', 'add_decorator', 'add_datetime', 'add_time', 'add_crypto', 'add_sklearn', 'add_http', 'add_scipy', 'add_base64', 'add_dateutil'], 'applied_rules': ['add_nested_for_out', 'change_var_names', 'transform_range_to_recursion', 'change_var_names'], 'complexity': {'File': 'HumanEval_817ex0tid5iC_results/generations/HumanEval_81/HumanEval_81.py-faab171f4f6914e8f7bb07f5713d7c8dc062e69e001cfa20e7c852061c25bd26', 'Base complexity': 16, 'Predicates with operators': 13, 'Nested levels': 1, 'Complex code structures': 3, 'Third-Party calls': 0, 'Inter_dependencies': 0, 'Intra_dependencies': 2, 'Log': 'tmp/HumanEval_817ex0tid5iC_results_generations_HumanEval_81_HumanEval_81.py-faab171f4f6914e8f7bb07f5713d7c8dc062e69e001cfa20e7c852061c25bd26.log'}, 'readability': {'num_tokens': 380, 'lines_of_code': 37, 'num_conditions': 13, 'num_loops': 1, 'num_assignments': 3, 'num_max_nested_loop': 1, 'num_max_nested_if': 12, 'num_max_conditions_in_if': 5, 'max_line_tokens': 37, 'num_of_variables': 4, 'num_of_arrays': 1, 'num_of_operators': 22, 'num_of_nested_casting': 0, 'entropy': 6.007421168429283}, 'relevant_distance_readability': 0.4115, 'relevant_distance_complexity': 0.1468}, 'HumanEval_817ex0tid5iC_results/generations/HumanEval_81/HumanEval_81.py-bfce1c34c84d425e33e68f701a4625a0c91e59b5245352d4af3b6322e75552dc': {'variant_file': 'HumanEval_817ex0tid5iC_results/generations/HumanEval_81/HumanEval_81.py-bfce1c34c84d425e33e68f701a4625a0c91e59b5245352d4af3b6322e75552dc', 'applicable_rules': ['add_nested_for_out', 'create_functions', 'add_try_except_inside_functions', 'add_else_to_for', 'add_nested_list', 'transform_range_to_recursion', 'add_datetime', 'add_time', 'add_crypto', 'add_sklearn', 'add_http', 'add_scipy', 'add_base64', 'add_dateutil'], 'applied_rules': ['add_nested_for_out', 'change_var_names', 'add_decorator', 'change_var_names'], 'complexity': {'File': 'HumanEval_817ex0tid5iC_results/generations/HumanEval_81/HumanEval_81.py-bfce1c34c84d425e33e68f701a4625a0c91e59b5245352d4af3b6322e75552dc', 'Base complexity': 17, 'Predicates with operators': 13, 'Nested levels': 3, 'Complex code structures': 3, 'Third-Party calls': 0, 'Inter_dependencies': 0, 'Intra_dependencies': 0, 'Log': 'tmp/HumanEval_817ex0tid5iC_results_generations_HumanEval_81_HumanEval_81.py-bfce1c34c84d425e33e68f701a4625a0c91e59b5245352d4af3b6322e75552dc.log'}, 'readability': {'num_tokens': 366, 'lines_of_code': 39, 'num_conditions': 12, 'num_loops': 2, 'num_assignments': 4, 'num_max_nested_loop': 2, 'num_max_nested_if': 12, 'num_max_conditions_in_if': 1, 'max_line_tokens': 37, 'num_of_variables': 6, 'num_of_arrays': 1, 'num_of_operators': 13, 'num_of_nested_casting': 0, 'entropy': 6.025554873431201}, 'relevant_distance_readability': 0.4705, 'relevant_distance_complexity': 0.144}, 'HumanEval_817ex0tid5iC_results/generations/HumanEval_81/HumanEval_81.py-f7a92687d74992e2d0b378075551ed88d0965d8f1aa17f4f30bd5fd2c1c45908': {'variant_file': 'HumanEval_817ex0tid5iC_results/generations/HumanEval_81/HumanEval_81.py-f7a92687d74992e2d0b378075551ed88d0965d8f1aa17f4f30bd5fd2c1c45908', 'applicable_rules': ['add_nested_for_out', 'create_functions', 'add_try_except_inside_functions', 'add_else_to_for', 'add_nested_list', 'transform_range_to_recursion', 'transform_function_to_class', 'add_decorator', 'add_time', 'add_crypto', 'add_sklearn', 'add_http', 'add_scipy', 'add_base64', 'add_dateutil'], 'applied_rules': ['add_nested_for_out', 'change_var_names', 'add_datetime', 'change_var_names'], 'complexity': {'File': 'HumanEval_817ex0tid5iC_results/generations/HumanEval_81/HumanEval_81.py-f7a92687d74992e2d0b378075551ed88d0965d8f1aa17f4f30bd5fd2c1c45908', 'Base complexity': 15, 'Predicates with operators': 13, 'Nested levels': 3, 'Complex code structures': 1, 'Third-Party calls': 1, 'Inter_dependencies': 0, 'Intra_dependencies': 0, 'Log': 'tmp/HumanEval_817ex0tid5iC_results_generations_HumanEval_81_HumanEval_81.py-f7a92687d74992e2d0b378075551ed88d0965d8f1aa17f4f30bd5fd2c1c45908.log'}, 'readability': {'num_tokens': 334, 'lines_of_code': 35, 'num_conditions': 12, 'num_loops': 2, 'num_assignments': 3, 'num_max_nested_loop': 2, 'num_max_nested_if': 12, 'num_max_conditions_in_if': 1, 'max_line_tokens': 159, 'num_of_variables': 5, 'num_of_arrays': 1, 'num_of_operators': 13, 'num_of_nested_casting': 0, 'entropy': 6.0101803372380065}, 'relevant_distance_readability': 0.1931, 'relevant_distance_complexity': 0.1382}, 'HumanEval_817ex0tid5iC_results/generations/HumanEval_81/HumanEval_81.py-a9fcbeac70a4c4fe7f544f411f288d8779fdc01e3bb39b2eb71980c5f9c45170': {'variant_file': 'HumanEval_817ex0tid5iC_results/generations/HumanEval_81/HumanEval_81.py-a9fcbeac70a4c4fe7f544f411f288d8779fdc01e3bb39b2eb71980c5f9c45170', 'applicable_rules': ['add_nested_for_out', 'create_functions', 'add_try_except_inside_functions', 'add_else_to_for', 'add_nested_list', 'transform_range_to_recursion', 'transform_function_to_class', 'add_decorator', 'add_datetime', 'add_crypto', 'add_sklearn', 'add_http', 'add_scipy', 'add_base64', 'add_dateutil'], 'applied_rules': ['add_nested_for_out', 'change_var_names', 'add_time'], 'complexity': {'File': 'HumanEval_817ex0tid5iC_results/generations/HumanEval_81/HumanEval_81.py-a9fcbeac70a4c4fe7f544f411f288d8779fdc01e3bb39b2eb71980c5f9c45170', 'Base complexity': 15, 'Predicates with operators': 13, 'Nested levels': 3, 'Complex code structures': 1, 'Third-Party calls': 1, 'Inter_dependencies': 0, 'Intra_dependencies': 0, 'Log': 'tmp/HumanEval_817ex0tid5iC_results_generations_HumanEval_81_HumanEval_81.py-a9fcbeac70a4c4fe7f544f411f288d8779fdc01e3bb39b2eb71980c5f9c45170.log'}, 'readability': {'num_tokens': 338, 'lines_of_code': 35, 'num_conditions': 12, 'num_loops': 2, 'num_assignments': 3, 'num_max_nested_loop': 2, 'num_max_nested_if': 12, 'num_max_conditions_in_if': 1, 'max_line_tokens': 37, 'num_of_variables': 5, 'num_of_arrays': 1, 'num_of_operators': 13, 'num_of_nested_casting': 0, 'entropy': 5.951836385816236}, 'relevant_distance_readability': 0.4748, 'relevant_distance_complexity': 0.1382}, 'HumanEval_817ex0tid5iC_results/generations/HumanEval_81/HumanEval_81.py-3b933a4989ac3498e819bcebf54ec892de9335397ad62ae865b9698a44219adf': {'variant_file': 'HumanEval_817ex0tid5iC_results/generations/HumanEval_81/HumanEval_81.py-3b933a4989ac3498e819bcebf54ec892de9335397ad62ae865b9698a44219adf', 'applicable_rules': ['add_nested_for_out', 'create_functions', 'add_try_except_inside_functions', 'add_else_to_for', 'add_nested_list', 'transform_range_to_recursion', 'transform_function_to_class', 'add_decorator', 'add_datetime', 'add_time', 'add_sklearn', 'add_http', 'add_scipy', 'add_base64', 'add_dateutil'], 'applied_rules': ['add_nested_for_out', 'change_var_names', 'add_crypto', 'change_var_names'], 'complexity': {'File': 'HumanEval_817ex0tid5iC_results/generations/HumanEval_81/HumanEval_81.py-3b933a4989ac3498e819bcebf54ec892de9335397ad62ae865b9698a44219adf', 'Base complexity': 15, 'Predicates with operators': 13, 'Nested levels': 3, 'Complex code structures': 1, 'Third-Party calls': 1, 'Inter_dependencies': 0, 'Intra_dependencies': 0, 'Log': 'tmp/HumanEval_817ex0tid5iC_results_generations_HumanEval_81_HumanEval_81.py-3b933a4989ac3498e819bcebf54ec892de9335397ad62ae865b9698a44219adf.log'}, 'readability': {'num_tokens': 339, 'lines_of_code': 35, 'num_conditions': 12, 'num_loops': 2, 'num_assignments': 3, 'num_max_nested_loop': 2, 'num_max_nested_if': 12, 'num_max_conditions_in_if': 1, 'max_line_tokens': 37, 'num_of_variables': 5, 'num_of_arrays': 1, 'num_of_operators': 13, 'num_of_nested_casting': 0, 'entropy': 5.963322728453495}, 'relevant_distance_readability': 0.4747, 'relevant_distance_complexity': 0.1382}, 'HumanEval_817ex0tid5iC_results/generations/HumanEval_81/HumanEval_81.py-8e90823bde019b6a4ab479b0f74af867293b2b28f3df2ab6f2d2da0b7078eb41': {'variant_file': 'HumanEval_817ex0tid5iC_results/generations/HumanEval_81/HumanEval_81.py-8e90823bde019b6a4ab479b0f74af867293b2b28f3df2ab6f2d2da0b7078eb41', 'applicable_rules': ['add_nested_for_out', 'create_functions', 'add_try_except_inside_functions', 'add_else_to_for', 'add_nested_list', 'transform_range_to_recursion', 'transform_function_to_class', 'add_decorator', 'add_datetime', 'add_time', 'add_crypto', 'add_http', 'add_scipy', 'add_base64', 'add_dateutil'], 'applied_rules': ['add_nested_for_out', 'change_var_names', 'add_sklearn'], 'complexity': {'File': 'HumanEval_817ex0tid5iC_results/generations/HumanEval_81/HumanEval_81.py-8e90823bde019b6a4ab479b0f74af867293b2b28f3df2ab6f2d2da0b7078eb41', 'Base complexity': 15, 'Predicates with operators': 13, 'Nested levels': 3, 'Complex code structures': 2, 'Third-Party calls': 1, 'Inter_dependencies': 0, 'Intra_dependencies': 0, 'Log': 'tmp/HumanEval_817ex0tid5iC_results_generations_HumanEval_81_HumanEval_81.py-8e90823bde019b6a4ab479b0f74af867293b2b28f3df2ab6f2d2da0b7078eb41.log'}, 'readability': {'num_tokens': 343, 'lines_of_code': 35, 'num_conditions': 12, 'num_loops': 2, 'num_assignments': 3, 'num_max_nested_loop': 2, 'num_max_nested_if': 12, 'num_max_conditions_in_if': 1, 'max_line_tokens': 159, 'num_of_variables': 5, 'num_of_arrays': 2, 'num_of_operators': 13, 'num_of_nested_casting': 0, 'entropy': 6.058299026124585}, 'relevant_distance_readability': 0.187, 'relevant_distance_complexity': 0.1428}, 'HumanEval_817ex0tid5iC_results/generations/HumanEval_81/HumanEval_81.py-4bbc07954fbfca1e6a2db4a3643f2289c56a48253d8535958d57d2237e16721b': {'variant_file': 'HumanEval_817ex0tid5iC_results/generations/HumanEval_81/HumanEval_81.py-4bbc07954fbfca1e6a2db4a3643f2289c56a48253d8535958d57d2237e16721b', 'applicable_rules': ['add_nested_for_out', 'create_functions', 'add_try_except_inside_functions', 'add_else_to_for', 'add_nested_list', 'transform_range_to_recursion', 'transform_function_to_class', 'add_decorator', 'add_datetime', 'add_time', 'add_crypto', 'add_sklearn', 'add_scipy', 'add_base64', 'add_dateutil'], 'applied_rules': ['add_nested_for_out', 'change_var_names', 'add_http'], 'complexity': {'File': 'HumanEval_817ex0tid5iC_results/generations/HumanEval_81/HumanEval_81.py-4bbc07954fbfca1e6a2db4a3643f2289c56a48253d8535958d57d2237e16721b', 'Base complexity': 15, 'Predicates with operators': 13, 'Nested levels': 3, 'Complex code structures': 1, 'Third-Party calls': 1, 'Inter_dependencies': 0, 'Intra_dependencies': 0, 'Log': 'tmp/HumanEval_817ex0tid5iC_results_generations_HumanEval_81_HumanEval_81.py-4bbc07954fbfca1e6a2db4a3643f2289c56a48253d8535958d57d2237e16721b.log'}, 'readability': {'num_tokens': 343, 'lines_of_code': 35, 'num_conditions': 12, 'num_loops': 2, 'num_assignments': 3, 'num_max_nested_loop': 2, 'num_max_nested_if': 12, 'num_max_conditions_in_if': 1, 'max_line_tokens': 37, 'num_of_variables': 5, 'num_of_arrays': 1, 'num_of_operators': 13, 'num_of_nested_casting': 0, 'entropy': 5.970241915860663}, 'relevant_distance_readability': 0.4745, 'relevant_distance_complexity': 0.1382}, 'HumanEval_817ex0tid5iC_results/generations/HumanEval_81/HumanEval_81.py-a5f172256c30ababc9ef612d8bf83b4a789c040c043797d169b6237c71f1fb62': {'variant_file': 'HumanEval_817ex0tid5iC_results/generations/HumanEval_81/HumanEval_81.py-a5f172256c30ababc9ef612d8bf83b4a789c040c043797d169b6237c71f1fb62', 'applicable_rules': ['add_nested_for_out', 'create_functions', 'add_try_except_inside_functions', 'add_else_to_for', 'add_nested_list', 'transform_range_to_recursion', 'transform_function_to_class', 'add_decorator', 'add_datetime', 'add_time', 'add_crypto', 'add_sklearn', 'add_http', 'add_base64', 'add_dateutil'], 'applied_rules': ['add_nested_for_out', 'change_var_names', 'add_scipy'], 'complexity': {'File': 'HumanEval_817ex0tid5iC_results/generations/HumanEval_81/HumanEval_81.py-a5f172256c30ababc9ef612d8bf83b4a789c040c043797d169b6237c71f1fb62', 'Base complexity': 15, 'Predicates with operators': 13, 'Nested levels': 3, 'Complex code structures': 3, 'Third-Party calls': 1, 'Inter_dependencies': 0, 'Intra_dependencies': 0, 'Log': 'tmp/HumanEval_817ex0tid5iC_results_generations_HumanEval_81_HumanEval_81.py-a5f172256c30ababc9ef612d8bf83b4a789c040c043797d169b6237c71f1fb62.log'}, 'readability': {'num_tokens': 354, 'lines_of_code': 35, 'num_conditions': 12, 'num_loops': 2, 'num_assignments': 3, 'num_max_nested_loop': 2, 'num_max_nested_if': 12, 'num_max_conditions_in_if': 1, 'max_line_tokens': 37, 'num_of_variables': 5, 'num_of_arrays': 3, 'num_of_operators': 13, 'num_of_nested_casting': 0, 'entropy': 6.014894530597505}, 'relevant_distance_readability': 0.4629, 'relevant_distance_complexity': 0.1475}, 'HumanEval_817ex0tid5iC_results/generations/HumanEval_81/HumanEval_81.py-6aff59539fe5bdeb0f665cec1b60411dfe23fa1ce42b4788b0b5f54549679062': {'variant_file': 'HumanEval_817ex0tid5iC_results/generations/HumanEval_81/HumanEval_81.py-6aff59539fe5bdeb0f665cec1b60411dfe23fa1ce42b4788b0b5f54549679062', 'applicable_rules': ['add_nested_for_out', 'create_functions', 'add_try_except_inside_functions', 'add_else_to_for', 'add_nested_list', 'transform_range_to_recursion', 'transform_function_to_class', 'add_decorator', 'add_datetime', 'add_time', 'add_crypto', 'add_sklearn', 'add_http', 'add_scipy', 'add_dateutil'], 'applied_rules': ['add_nested_for_out', 'change_var_names', 'add_base64'], 'complexity': {'File': 'HumanEval_817ex0tid5iC_results/generations/HumanEval_81/HumanEval_81.py-6aff59539fe5bdeb0f665cec1b60411dfe23fa1ce42b4788b0b5f54549679062', 'Base complexity': 15, 'Predicates with operators': 13, 'Nested levels': 3, 'Complex code structures': 1, 'Third-Party calls': 1, 'Inter_dependencies': 0, 'Intra_dependencies': 0, 'Log': 'tmp/HumanEval_817ex0tid5iC_results_generations_HumanEval_81_HumanEval_81.py-6aff59539fe5bdeb0f665cec1b60411dfe23fa1ce42b4788b0b5f54549679062.log'}, 'readability': {'num_tokens': 336, 'lines_of_code': 35, 'num_conditions': 12, 'num_loops': 2, 'num_assignments': 3, 'num_max_nested_loop': 2, 'num_max_nested_if': 12, 'num_max_conditions_in_if': 1, 'max_line_tokens': 159, 'num_of_variables': 5, 'num_of_arrays': 1, 'num_of_operators': 13, 'num_of_nested_casting': 0, 'entropy': 6.013550364110568}, 'relevant_distance_readability': 0.1931, 'relevant_distance_complexity': 0.1382}, 'HumanEval_817ex0tid5iC_results/generations/HumanEval_81/HumanEval_81.py-a6075a50bcf8fe1cea87fe27f2c1253b0ed556510000f42feff00b5f238efb6c': {'variant_file': 'HumanEval_817ex0tid5iC_results/generations/HumanEval_81/HumanEval_81.py-a6075a50bcf8fe1cea87fe27f2c1253b0ed556510000f42feff00b5f238efb6c', 'applicable_rules': ['add_nested_for_out', 'create_functions', 'add_try_except_inside_functions', 'add_else_to_for', 'add_nested_list', 'transform_range_to_recursion', 'transform_function_to_class', 'add_decorator', 'add_datetime', 'add_time', 'add_crypto', 'add_sklearn', 'add_http', 'add_scipy', 'add_base64'], 'applied_rules': ['add_nested_for_out', 'change_var_names', 'add_dateutil', 'change_var_names'], 'complexity': {'File': 'HumanEval_817ex0tid5iC_results/generations/HumanEval_81/HumanEval_81.py-a6075a50bcf8fe1cea87fe27f2c1253b0ed556510000f42feff00b5f238efb6c', 'Base complexity': 15, 'Predicates with operators': 13, 'Nested levels': 3, 'Complex code structures': 1, 'Third-Party calls': 1, 'Inter_dependencies': 0, 'Intra_dependencies': 0, 'Log': 'tmp/HumanEval_817ex0tid5iC_results_generations_HumanEval_81_HumanEval_81.py-a6075a50bcf8fe1cea87fe27f2c1253b0ed556510000f42feff00b5f238efb6c.log'}, 'readability': {'num_tokens': 342, 'lines_of_code': 35, 'num_conditions': 12, 'num_loops': 2, 'num_assignments': 3, 'num_max_nested_loop': 2, 'num_max_nested_if': 12, 'num_max_conditions_in_if': 1, 'max_line_tokens': 37, 'num_of_variables': 5, 'num_of_arrays': 1, 'num_of_operators': 13, 'num_of_nested_casting': 0, 'entropy': 5.972573913362008}, 'relevant_distance_readability': 0.4745, 'relevant_distance_complexity': 0.1382}, 'HumanEval_817ex0tid5iC_results/generations/HumanEval_81/HumanEval_81.py-9691875ebb7e2b0455387b989e04d8f5500846bf66b80cc5ae8b4a541e2fcd0d': {'variant_file': 'HumanEval_817ex0tid5iC_results/generations/HumanEval_81/HumanEval_81.py-9691875ebb7e2b0455387b989e04d8f5500846bf66b80cc5ae8b4a541e2fcd0d', 'applicable_rules': ['add_nested_for_out', 'add_try_except_inside_functions', 'add_else_to_for', 'add_nested_list', 'add_datetime', 'add_time', 'add_crypto', 'add_sklearn', 'add_http', 'add_scipy', 'add_base64', 'add_dateutil'], 'applied_rules': ['add_decorator', 'change_var_names', 'add_try_except_inside_functions'], 'complexity': {'File': 'HumanEval_817ex0tid5iC_results/generations/HumanEval_81/HumanEval_81.py-9691875ebb7e2b0455387b989e04d8f5500846bf66b80cc5ae8b4a541e2fcd0d', 'Base complexity': 18, 'Predicates with operators': 12, 'Nested levels': 1, 'Complex code structures': 3, 'Third-Party calls': 0, 'Inter_dependencies': 0, 'Intra_dependencies': 0, 'Log': 'tmp/HumanEval_817ex0tid5iC_results_generations_HumanEval_81_HumanEval_81.py-9691875ebb7e2b0455387b989e04d8f5500846bf66b80cc5ae8b4a541e2fcd0d.log'}, 'readability': {'num_tokens': 355, 'lines_of_code': 39, 'num_conditions': 12, 'num_loops': 1, 'num_assignments': 2, 'num_max_nested_loop': 1, 'num_max_nested_if': 12, 'num_max_conditions_in_if': 1, 'max_line_tokens': 37, 'num_of_variables': 3, 'num_of_arrays': 1, 'num_of_operators': 12, 'num_of_nested_casting': 0, 'entropy': 5.963845425143114}, 'relevant_distance_readability': 0.5203, 'relevant_distance_complexity': 0.1268}, 'HumanEval_817ex0tid5iC_results/generations/HumanEval_81/HumanEval_81.py-763346004a4c4079595a33119192a4d4c34f8f8d74705ade44e04f7420c044ac': {'variant_file': 'HumanEval_817ex0tid5iC_results/generations/HumanEval_81/HumanEval_81.py-763346004a4c4079595a33119192a4d4c34f8f8d74705ade44e04f7420c044ac', 'applicable_rules': ['add_nested_for_out', 'add_try_except_inside_functions', 'add_nested_list', 'add_datetime', 'add_time', 'add_crypto', 'add_sklearn', 'add_http', 'add_scipy', 'add_base64', 'add_dateutil'], 'applied_rules': ['add_decorator', 'change_var_names', 'add_else_to_for'], 'complexity': {'File': 'HumanEval_817ex0tid5iC_results/generations/HumanEval_81/HumanEval_81.py-763346004a4c4079595a33119192a4d4c34f8f8d74705ade44e04f7420c044ac', 'Base complexity': 16, 'Predicates with operators': 12, 'Nested levels': 1, 'Complex code structures': 3, 'Third-Party calls': 0, 'Inter_dependencies': 0, 'Intra_dependencies': 0, 'Log': 'tmp/HumanEval_817ex0tid5iC_results_generations_HumanEval_81_HumanEval_81.py-763346004a4c4079595a33119192a4d4c34f8f8d74705ade44e04f7420c044ac.log'}, 'readability': {'num_tokens': 353, 'lines_of_code': 37, 'num_conditions': 12, 'num_loops': 1, 'num_assignments': 2, 'num_max_nested_loop': 1, 'num_max_nested_if': 12, 'num_max_conditions_in_if': 1, 'max_line_tokens': 37, 'num_of_variables': 3, 'num_of_arrays': 1, 'num_of_operators': 12, 'num_of_nested_casting': 0, 'entropy': 5.952251083744922}, 'relevant_distance_readability': 0.5208, 'relevant_distance_complexity': 0.1224}, 'HumanEval_817ex0tid5iC_results/generations/HumanEval_81/HumanEval_81.py-e68125d02e8b1a7ac49c2593e06ea08faf0a2b5f77fbd5b0fa17c2fdb807b329': {'variant_file': 'HumanEval_817ex0tid5iC_results/generations/HumanEval_81/HumanEval_81.py-e68125d02e8b1a7ac49c2593e06ea08faf0a2b5f77fbd5b0fa17c2fdb807b329', 'applicable_rules': ['add_nested_for_out', 'add_try_except_inside_functions', 'add_else_to_for', 'add_datetime', 'add_time', 'add_crypto', 'add_sklearn', 'add_http', 'add_scipy', 'add_base64', 'add_dateutil'], 'applied_rules': ['add_decorator', 'change_var_names', 'add_nested_list', 'change_var_names'], 'complexity': {'File': 'HumanEval_817ex0tid5iC_results/generations/HumanEval_81/HumanEval_81.py-e68125d02e8b1a7ac49c2593e06ea08faf0a2b5f77fbd5b0fa17c2fdb807b329', 'Base complexity': 16, 'Predicates with operators': 12, 'Nested levels': 1, 'Complex code structures': 4, 'Third-Party calls': 0, 'Inter_dependencies': 0, 'Intra_dependencies': 0, 'Log': 'tmp/HumanEval_817ex0tid5iC_results_generations_HumanEval_81_HumanEval_81.py-e68125d02e8b1a7ac49c2593e06ea08faf0a2b5f77fbd5b0fa17c2fdb807b329.log'}, 'readability': {'num_tokens': 355, 'lines_of_code': 36, 'num_conditions': 12, 'num_loops': 1, 'num_assignments': 2, 'num_max_nested_loop': 1, 'num_max_nested_if': 12, 'num_max_conditions_in_if': 1, 'max_line_tokens': 37, 'num_of_variables': 3, 'num_of_arrays': 2, 'num_of_operators': 12, 'num_of_nested_casting': 0, 'entropy': 5.957700459448405}, 'relevant_distance_readability': 0.5154, 'relevant_distance_complexity': 0.1271}, 'HumanEval_817ex0tid5iC_results/generations/HumanEval_81/HumanEval_81.py-dd5af890eca457ac14a5f4ceb14690d9910015f1cb54dc0de95f51f60ac7fa28': {'variant_file': 'HumanEval_817ex0tid5iC_results/generations/HumanEval_81/HumanEval_81.py-dd5af890eca457ac14a5f4ceb14690d9910015f1cb54dc0de95f51f60ac7fa28', 'applicable_rules': ['add_nested_for_out', 'add_try_except_inside_functions', 'add_else_to_for', 'add_nested_list', 'add_time', 'add_crypto', 'add_sklearn', 'add_http', 'add_scipy', 'add_base64', 'add_dateutil'], 'applied_rules': ['add_decorator', 'change_var_names', 'add_datetime'], 'complexity': {'File': 'HumanEval_817ex0tid5iC_results/generations/HumanEval_81/HumanEval_81.py-dd5af890eca457ac14a5f4ceb14690d9910015f1cb54dc0de95f51f60ac7fa28', 'Base complexity': 16, 'Predicates with operators': 12, 'Nested levels': 1, 'Complex code structures': 3, 'Third-Party calls': 1, 'Inter_dependencies': 0, 'Intra_dependencies': 0, 'Log': 'tmp/HumanEval_817ex0tid5iC_results_generations_HumanEval_81_HumanEval_81.py-dd5af890eca457ac14a5f4ceb14690d9910015f1cb54dc0de95f51f60ac7fa28.log'}, 'readability': {'num_tokens': 355, 'lines_of_code': 38, 'num_conditions': 12, 'num_loops': 1, 'num_assignments': 2, 'num_max_nested_loop': 1, 'num_max_nested_if': 12, 'num_max_conditions_in_if': 1, 'max_line_tokens': 37, 'num_of_variables': 3, 'num_of_arrays': 1, 'num_of_operators': 12, 'num_of_nested_casting': 0, 'entropy': 5.964476686168446}, 'relevant_distance_readability': 0.5204, 'relevant_distance_complexity': 0.1303}, 'HumanEval_817ex0tid5iC_results/generations/HumanEval_81/HumanEval_81.py-2a7a0f01f5c3247245f829c706b58b63f77b9f8ad1495d43f9a3186fc06d504d': {'variant_file': 'HumanEval_817ex0tid5iC_results/generations/HumanEval_81/HumanEval_81.py-2a7a0f01f5c3247245f829c706b58b63f77b9f8ad1495d43f9a3186fc06d504d', 'applicable_rules': ['add_nested_for_out', 'add_try_except_inside_functions', 'add_else_to_for', 'add_nested_list', 'add_datetime', 'add_crypto', 'add_sklearn', 'add_http', 'add_scipy', 'add_base64', 'add_dateutil'], 'applied_rules': ['add_decorator', 'change_var_names', 'add_time', 'change_var_names'], 'complexity': {'File': 'HumanEval_817ex0tid5iC_results/generations/HumanEval_81/HumanEval_81.py-2a7a0f01f5c3247245f829c706b58b63f77b9f8ad1495d43f9a3186fc06d504d', 'Base complexity': 16, 'Predicates with operators': 12, 'Nested levels': 1, 'Complex code structures': 3, 'Third-Party calls': 1, 'Inter_dependencies': 0, 'Intra_dependencies': 0, 'Log': 'tmp/HumanEval_817ex0tid5iC_results_generations_HumanEval_81_HumanEval_81.py-2a7a0f01f5c3247245f829c706b58b63f77b9f8ad1495d43f9a3186fc06d504d.log'}, 'readability': {'num_tokens': 356, 'lines_of_code': 38, 'num_conditions': 12, 'num_loops': 1, 'num_assignments': 2, 'num_max_nested_loop': 1, 'num_max_nested_if': 12, 'num_max_conditions_in_if': 1, 'max_line_tokens': 37, 'num_of_variables': 3, 'num_of_arrays': 1, 'num_of_operators': 12, 'num_of_nested_casting': 0, 'entropy': 5.9755775952378}, 'relevant_distance_readability': 0.5203, 'relevant_distance_complexity': 0.1303}, 'HumanEval_817ex0tid5iC_results/generations/HumanEval_81/HumanEval_81.py-51329e89dd35449169a1fb1d221e20b0ceeb8c2a3e756e84b700a77604ba3e6e': {'variant_file': 'HumanEval_817ex0tid5iC_results/generations/HumanEval_81/HumanEval_81.py-51329e89dd35449169a1fb1d221e20b0ceeb8c2a3e756e84b700a77604ba3e6e', 'applicable_rules': ['add_nested_for_out', 'add_try_except_inside_functions', 'add_else_to_for', 'add_nested_list', 'add_datetime', 'add_time', 'add_sklearn', 'add_http', 'add_scipy', 'add_base64', 'add_dateutil'], 'applied_rules': ['add_decorator', 'change_var_names', 'add_crypto'], 'complexity': {'File': 'HumanEval_817ex0tid5iC_results/generations/HumanEval_81/HumanEval_81.py-51329e89dd35449169a1fb1d221e20b0ceeb8c2a3e756e84b700a77604ba3e6e', 'Base complexity': 16, 'Predicates with operators': 12, 'Nested levels': 1, 'Complex code structures': 3, 'Third-Party calls': 1, 'Inter_dependencies': 0, 'Intra_dependencies': 0, 'Log': 'tmp/HumanEval_817ex0tid5iC_results_generations_HumanEval_81_HumanEval_81.py-51329e89dd35449169a1fb1d221e20b0ceeb8c2a3e756e84b700a77604ba3e6e.log'}, 'readability': {'num_tokens': 357, 'lines_of_code': 38, 'num_conditions': 12, 'num_loops': 1, 'num_assignments': 2, 'num_max_nested_loop': 1, 'num_max_nested_if': 12, 'num_max_conditions_in_if': 1, 'max_line_tokens': 37, 'num_of_variables': 3, 'num_of_arrays': 1, 'num_of_operators': 12, 'num_of_nested_casting': 0, 'entropy': 5.9866276659355915}, 'relevant_distance_readability': 0.5202, 'relevant_distance_complexity': 0.1303}, 'HumanEval_817ex0tid5iC_results/generations/HumanEval_81/HumanEval_81.py-8e41b3ed84790c05a26a9022dc27e6e5a09370d11d21cc3819a7bde9dc88c54f': {'variant_file': 'HumanEval_817ex0tid5iC_results/generations/HumanEval_81/HumanEval_81.py-8e41b3ed84790c05a26a9022dc27e6e5a09370d11d21cc3819a7bde9dc88c54f', 'applicable_rules': ['add_nested_for_out', 'add_try_except_inside_functions', 'add_else_to_for', 'add_nested_list', 'add_datetime', 'add_time', 'add_crypto', 'add_http', 'add_scipy', 'add_base64', 'add_dateutil'], 'applied_rules': ['add_decorator', 'change_var_names', 'add_sklearn', 'change_var_names'], 'complexity': {'File': 'HumanEval_817ex0tid5iC_results/generations/HumanEval_81/HumanEval_81.py-8e41b3ed84790c05a26a9022dc27e6e5a09370d11d21cc3819a7bde9dc88c54f', 'Base complexity': 16, 'Predicates with operators': 12, 'Nested levels': 1, 'Complex code structures': 4, 'Third-Party calls': 1, 'Inter_dependencies': 0, 'Intra_dependencies': 0, 'Log': 'tmp/HumanEval_817ex0tid5iC_results_generations_HumanEval_81_HumanEval_81.py-8e41b3ed84790c05a26a9022dc27e6e5a09370d11d21cc3819a7bde9dc88c54f.log'}, 'readability': {'num_tokens': 364, 'lines_of_code': 38, 'num_conditions': 12, 'num_loops': 1, 'num_assignments': 2, 'num_max_nested_loop': 1, 'num_max_nested_if': 12, 'num_max_conditions_in_if': 1, 'max_line_tokens': 37, 'num_of_variables': 3, 'num_of_arrays': 2, 'num_of_operators': 12, 'num_of_nested_casting': 0, 'entropy': 6.011647192270457}, 'relevant_distance_readability': 0.5143, 'relevant_distance_complexity': 0.135}, 'HumanEval_817ex0tid5iC_results/generations/HumanEval_81/HumanEval_81.py-176a4928672e14c37947869506d926d85b3ade1a40cf507d0d9c2435fa33dcce': {'variant_file': 'HumanEval_817ex0tid5iC_results/generations/HumanEval_81/HumanEval_81.py-176a4928672e14c37947869506d926d85b3ade1a40cf507d0d9c2435fa33dcce', 'applicable_rules': ['add_nested_for_out', 'add_try_except_inside_functions', 'add_else_to_for', 'add_nested_list', 'add_datetime', 'add_time', 'add_crypto', 'add_sklearn', 'add_scipy', 'add_base64', 'add_dateutil'], 'applied_rules': ['add_decorator', 'change_var_names', 'add_http'], 'complexity': {'File': 'HumanEval_817ex0tid5iC_results/generations/HumanEval_81/HumanEval_81.py-176a4928672e14c37947869506d926d85b3ade1a40cf507d0d9c2435fa33dcce', 'Base complexity': 16, 'Predicates with operators': 12, 'Nested levels': 1, 'Complex code structures': 3, 'Third-Party calls': 1, 'Inter_dependencies': 0, 'Intra_dependencies': 0, 'Log': 'tmp/HumanEval_817ex0tid5iC_results_generations_HumanEval_81_HumanEval_81.py-176a4928672e14c37947869506d926d85b3ade1a40cf507d0d9c2435fa33dcce.log'}, 'readability': {'num_tokens': 361, 'lines_of_code': 38, 'num_conditions': 12, 'num_loops': 1, 'num_assignments': 2, 'num_max_nested_loop': 1, 'num_max_nested_if': 12, 'num_max_conditions_in_if': 1, 'max_line_tokens': 37, 'num_of_variables': 3, 'num_of_arrays': 1, 'num_of_operators': 12, 'num_of_nested_casting': 0, 'entropy': 5.993001812519559}, 'relevant_distance_readability': 0.5201, 'relevant_distance_complexity': 0.1303}, 'HumanEval_817ex0tid5iC_results/generations/HumanEval_81/HumanEval_81.py-03d19cf45070f16ba1835287d476f9a1245740eba08a69ca1df0b134f47ce7f8': {'variant_file': 'HumanEval_817ex0tid5iC_results/generations/HumanEval_81/HumanEval_81.py-03d19cf45070f16ba1835287d476f9a1245740eba08a69ca1df0b134f47ce7f8', 'applicable_rules': ['add_nested_for_out', 'add_try_except_inside_functions', 'add_else_to_for', 'add_nested_list', 'add_datetime', 'add_time', 'add_crypto', 'add_sklearn', 'add_http', 'add_base64', 'add_dateutil'], 'applied_rules': ['add_decorator', 'change_var_names', 'add_scipy', 'change_var_names'], 'complexity': {'File': 'HumanEval_817ex0tid5iC_results/generations/HumanEval_81/HumanEval_81.py-03d19cf45070f16ba1835287d476f9a1245740eba08a69ca1df0b134f47ce7f8', 'Base complexity': 16, 'Predicates with operators': 12, 'Nested levels': 1, 'Complex code structures': 5, 'Third-Party calls': 1, 'Inter_dependencies': 0, 'Intra_dependencies': 0, 'Log': 'tmp/HumanEval_817ex0tid5iC_results_generations_HumanEval_81_HumanEval_81.py-03d19cf45070f16ba1835287d476f9a1245740eba08a69ca1df0b134f47ce7f8.log'}, 'readability': {'num_tokens': 372, 'lines_of_code': 38, 'num_conditions': 12, 'num_loops': 1, 'num_assignments': 2, 'num_max_nested_loop': 1, 'num_max_nested_if': 12, 'num_max_conditions_in_if': 1, 'max_line_tokens': 37, 'num_of_variables': 3, 'num_of_arrays': 3, 'num_of_operators': 12, 'num_of_nested_casting': 0, 'entropy': 6.034558715250721}, 'relevant_distance_readability': 0.5085, 'relevant_distance_complexity': 0.1397}, 'HumanEval_817ex0tid5iC_results/generations/HumanEval_81/HumanEval_81.py-b0b6a0106f978aa2df0c908afc0c7a5890d05071b6006ac8f378b19bed5b4e48': {'variant_file': 'HumanEval_817ex0tid5iC_results/generations/HumanEval_81/HumanEval_81.py-b0b6a0106f978aa2df0c908afc0c7a5890d05071b6006ac8f378b19bed5b4e48', 'applicable_rules': ['add_nested_for_out', 'add_try_except_inside_functions', 'add_else_to_for', 'add_nested_list', 'add_datetime', 'add_time', 'add_crypto', 'add_sklearn', 'add_http', 'add_scipy', 'add_dateutil'], 'applied_rules': ['add_decorator', 'change_var_names', 'add_base64', 'change_var_names'], 'complexity': {'File': 'HumanEval_817ex0tid5iC_results/generations/HumanEval_81/HumanEval_81.py-b0b6a0106f978aa2df0c908afc0c7a5890d05071b6006ac8f378b19bed5b4e48', 'Base complexity': 16, 'Predicates with operators': 12, 'Nested levels': 1, 'Complex code structures': 3, 'Third-Party calls': 1, 'Inter_dependencies': 0, 'Intra_dependencies': 0, 'Log': 'tmp/HumanEval_817ex0tid5iC_results_generations_HumanEval_81_HumanEval_81.py-b0b6a0106f978aa2df0c908afc0c7a5890d05071b6006ac8f378b19bed5b4e48.log'}, 'readability': {'num_tokens': 357, 'lines_of_code': 38, 'num_conditions': 12, 'num_loops': 1, 'num_assignments': 2, 'num_max_nested_loop': 1, 'num_max_nested_if': 12, 'num_max_conditions_in_if': 1, 'max_line_tokens': 37, 'num_of_variables': 3, 'num_of_arrays': 1, 'num_of_operators': 12, 'num_of_nested_casting': 0, 'entropy': 5.96839592738186}, 'relevant_distance_readability': 0.5204, 'relevant_distance_complexity': 0.1303}, 'HumanEval_817ex0tid5iC_results/generations/HumanEval_81/HumanEval_81.py-6702f6597b56255fe0efd80bf66c542d28cca93f21771cc388109586e076f9bd': {'variant_file': 'HumanEval_817ex0tid5iC_results/generations/HumanEval_81/HumanEval_81.py-6702f6597b56255fe0efd80bf66c542d28cca93f21771cc388109586e076f9bd', 'applicable_rules': ['add_nested_for_out', 'add_try_except_inside_functions', 'add_else_to_for', 'add_nested_list', 'add_datetime', 'add_time', 'add_crypto', 'add_sklearn', 'add_http', 'add_scipy', 'add_base64'], 'applied_rules': ['add_decorator', 'change_var_names', 'add_dateutil'], 'complexity': {'File': 'HumanEval_817ex0tid5iC_results/generations/HumanEval_81/HumanEval_81.py-6702f6597b56255fe0efd80bf66c542d28cca93f21771cc388109586e076f9bd', 'Base complexity': 16, 'Predicates with operators': 12, 'Nested levels': 1, 'Complex code structures': 3, 'Third-Party calls': 1, 'Inter_dependencies': 0, 'Intra_dependencies': 0, 'Log': 'tmp/HumanEval_817ex0tid5iC_results_generations_HumanEval_81_HumanEval_81.py-6702f6597b56255fe0efd80bf66c542d28cca93f21771cc388109586e076f9bd.log'}, 'readability': {'num_tokens': 357, 'lines_of_code': 38, 'num_conditions': 12, 'num_loops': 1, 'num_assignments': 2, 'num_max_nested_loop': 1, 'num_max_nested_if': 12, 'num_max_conditions_in_if': 1, 'max_line_tokens': 159, 'num_of_variables': 3, 'num_of_arrays': 1, 'num_of_operators': 12, 'num_of_nested_casting': 0, 'entropy': 6.060887664100783}, 'relevant_distance_readability': 0.2383, 'relevant_distance_complexity': 0.1303}, 'HumanEval_817ex0tid5iC_results/generations/HumanEval_81/HumanEval_81.py-601147321110f42cac595d06824077107862e14215ebc3b4798cf1aa48f24c53': {'variant_file': 'HumanEval_817ex0tid5iC_results/generations/HumanEval_81/HumanEval_81.py-601147321110f42cac595d06824077107862e14215ebc3b4798cf1aa48f24c53', 'applicable_rules': ['add_nested_for_out', 'add_else_to_for', 'add_nested_list', 'transform_function_to_class', 'add_decorator', 'add_time', 'add_crypto', 'add_sklearn', 'add_http', 'add_scipy', 'add_base64', 'add_dateutil'], 'applied_rules': ['add_datetime', 'add_try_except_inside_functions', 'change_var_names'], 'complexity': {'File': 'HumanEval_817ex0tid5iC_results/generations/HumanEval_81/HumanEval_81.py-601147321110f42cac595d06824077107862e14215ebc3b4798cf1aa48f24c53', 'Base complexity': 16, 'Predicates with operators': 12, 'Nested levels': 1, 'Complex code structures': 1, 'Third-Party calls': 1, 'Inter_dependencies': 0, 'Intra_dependencies': 0, 'Log': 'tmp/HumanEval_817ex0tid5iC_results_generations_HumanEval_81_HumanEval_81.py-601147321110f42cac595d06824077107862e14215ebc3b4798cf1aa48f24c53.log'}, 'readability': {'num_tokens': 323, 'lines_of_code': 35, 'num_conditions': 12, 'num_loops': 1, 'num_assignments': 1, 'num_max_nested_loop': 1, 'num_max_nested_if': 12, 'num_max_conditions_in_if': 1, 'max_line_tokens': 159, 'num_of_variables': 2, 'num_of_arrays': 1, 'num_of_operators': 12, 'num_of_nested_casting': 0, 'entropy': 5.941982586275382}, 'relevant_distance_readability': 0.2429, 'relevant_distance_complexity': 0.1209}, 'HumanEval_817ex0tid5iC_results/generations/HumanEval_81/HumanEval_81.py-a323933998c6dad65afdc4eab86f4fcae409583f2af509bf63c0023ff1317c01': {'variant_file': 'HumanEval_817ex0tid5iC_results/generations/HumanEval_81/HumanEval_81.py-a323933998c6dad65afdc4eab86f4fcae409583f2af509bf63c0023ff1317c01', 'applicable_rules': ['add_nested_for_out', 'add_try_except_inside_functions', 'add_nested_list', 'transform_function_to_class', 'add_decorator', 'add_time', 'add_crypto', 'add_sklearn', 'add_http', 'add_scipy', 'add_base64', 'add_dateutil'], 'applied_rules': ['add_datetime', 'add_else_to_for', 'change_var_names'], 'complexity': {'File': 'HumanEval_817ex0tid5iC_results/generations/HumanEval_81/HumanEval_81.py-a323933998c6dad65afdc4eab86f4fcae409583f2af509bf63c0023ff1317c01', 'Base complexity': 14, 'Predicates with operators': 12, 'Nested levels': 1, 'Complex code structures': 1, 'Third-Party calls': 1, 'Inter_dependencies': 0, 'Intra_dependencies': 0, 'Log': 'tmp/HumanEval_817ex0tid5iC_results_generations_HumanEval_81_HumanEval_81.py-a323933998c6dad65afdc4eab86f4fcae409583f2af509bf63c0023ff1317c01.log'}, 'readability': {'num_tokens': 324, 'lines_of_code': 33, 'num_conditions': 12, 'num_loops': 1, 'num_assignments': 1, 'num_max_nested_loop': 1, 'num_max_nested_if': 12, 'num_max_conditions_in_if': 1, 'max_line_tokens': 37, 'num_of_variables': 2, 'num_of_arrays': 1, 'num_of_operators': 12, 'num_of_nested_casting': 0, 'entropy': 5.857015785358763}, 'relevant_distance_readability': 0.5253, 'relevant_distance_complexity': 0.1166}, 'HumanEval_817ex0tid5iC_results/generations/HumanEval_81/HumanEval_81.py-75fd4f8b268f8ab3adeac8a177a7995dfed7ac47cf5fb8e9c7aa26f2ac88ab07': {'variant_file': 'HumanEval_817ex0tid5iC_results/generations/HumanEval_81/HumanEval_81.py-75fd4f8b268f8ab3adeac8a177a7995dfed7ac47cf5fb8e9c7aa26f2ac88ab07', 'applicable_rules': ['add_nested_for_out', 'add_try_except_inside_functions', 'add_else_to_for', 'transform_function_to_class', 'add_decorator', 'add_time', 'add_crypto', 'add_sklearn', 'add_http', 'add_scipy', 'add_base64', 'add_dateutil'], 'applied_rules': ['add_datetime', 'add_nested_list'], 'complexity': {'File': 'HumanEval_817ex0tid5iC_results/generations/HumanEval_81/HumanEval_81.py-75fd4f8b268f8ab3adeac8a177a7995dfed7ac47cf5fb8e9c7aa26f2ac88ab07', 'Base complexity': 14, 'Predicates with operators': 12, 'Nested levels': 1, 'Complex code structures': 2, 'Third-Party calls': 1, 'Inter_dependencies': 0, 'Intra_dependencies': 0, 'Log': 'tmp/HumanEval_817ex0tid5iC_results_generations_HumanEval_81_HumanEval_81.py-75fd4f8b268f8ab3adeac8a177a7995dfed7ac47cf5fb8e9c7aa26f2ac88ab07.log'}, 'readability': {'num_tokens': 326, 'lines_of_code': 32, 'num_conditions': 12, 'num_loops': 1, 'num_assignments': 1, 'num_max_nested_loop': 1, 'num_max_nested_if': 12, 'num_max_conditions_in_if': 1, 'max_line_tokens': 37, 'num_of_variables': 2, 'num_of_arrays': 2, 'num_of_operators': 12, 'num_of_nested_casting': 0, 'entropy': 5.862298673561705}, 'relevant_distance_readability': 0.5199, 'relevant_distance_complexity': 0.1213}, 'HumanEval_817ex0tid5iC_results/generations/HumanEval_81/HumanEval_81.py-1c23819ace0fe4d08d7cd4bb5939a34d0d3327b5b26a6039dc4f9f3d2d250cc7': {'variant_file': 'HumanEval_817ex0tid5iC_results/generations/HumanEval_81/HumanEval_81.py-1c23819ace0fe4d08d7cd4bb5939a34d0d3327b5b26a6039dc4f9f3d2d250cc7', 'applicable_rules': ['add_nested_for_out', 'add_try_except_inside_functions', 'add_else_to_for', 'add_nested_list', 'transform_function_to_class', 'add_decorator', 'add_crypto', 'add_sklearn', 'add_http', 'add_scipy', 'add_base64', 'add_dateutil'], 'applied_rules': ['add_datetime', 'add_time'], 'complexity': {'File': 'HumanEval_817ex0tid5iC_results/generations/HumanEval_81/HumanEval_81.py-1c23819ace0fe4d08d7cd4bb5939a34d0d3327b5b26a6039dc4f9f3d2d250cc7', 'Base complexity': 14, 'Predicates with operators': 12, 'Nested levels': 1, 'Complex code structures': 1, 'Third-Party calls': 2, 'Inter_dependencies': 0, 'Intra_dependencies': 0, 'Log': 'tmp/HumanEval_817ex0tid5iC_results_generations_HumanEval_81_HumanEval_81.py-1c23819ace0fe4d08d7cd4bb5939a34d0d3327b5b26a6039dc4f9f3d2d250cc7.log'}, 'readability': {'num_tokens': 327, 'lines_of_code': 34, 'num_conditions': 12, 'num_loops': 1, 'num_assignments': 1, 'num_max_nested_loop': 1, 'num_max_nested_if': 12, 'num_max_conditions_in_if': 1, 'max_line_tokens': 37, 'num_of_variables': 2, 'num_of_arrays': 1, 'num_of_operators': 12, 'num_of_nested_casting': 0, 'entropy': 5.8765711638583715}, 'relevant_distance_readability': 0.5248, 'relevant_distance_complexity': 0.1245}, 'HumanEval_817ex0tid5iC_results/generations/HumanEval_81/HumanEval_81.py-cc6fbf8c681a6f988245e33baa32c18535b9464d3486d19bc668278795567394': {'variant_file': 'HumanEval_817ex0tid5iC_results/generations/HumanEval_81/HumanEval_81.py-cc6fbf8c681a6f988245e33baa32c18535b9464d3486d19bc668278795567394', 'applicable_rules': ['add_nested_for_out', 'add_try_except_inside_functions', 'add_else_to_for', 'add_nested_list', 'transform_function_to_class', 'add_decorator', 'add_time', 'add_sklearn', 'add_http', 'add_scipy', 'add_base64', 'add_dateutil'], 'applied_rules': ['add_datetime', 'add_crypto', 'change_var_names'], 'complexity': {'File': 'HumanEval_817ex0tid5iC_results/generations/HumanEval_81/HumanEval_81.py-cc6fbf8c681a6f988245e33baa32c18535b9464d3486d19bc668278795567394', 'Base complexity': 14, 'Predicates with operators': 12, 'Nested levels': 1, 'Complex code structures': 1, 'Third-Party calls': 2, 'Inter_dependencies': 0, 'Intra_dependencies': 0, 'Log': 'tmp/HumanEval_817ex0tid5iC_results_generations_HumanEval_81_HumanEval_81.py-cc6fbf8c681a6f988245e33baa32c18535b9464d3486d19bc668278795567394.log'}, 'readability': {'num_tokens': 328, 'lines_of_code': 34, 'num_conditions': 12, 'num_loops': 1, 'num_assignments': 1, 'num_max_nested_loop': 1, 'num_max_nested_if': 12, 'num_max_conditions_in_if': 1, 'max_line_tokens': 37, 'num_of_variables': 2, 'num_of_arrays': 1, 'num_of_operators': 12, 'num_of_nested_casting': 0, 'entropy': 5.888526878532165}, 'relevant_distance_readability': 0.5247, 'relevant_distance_complexity': 0.1245}, 'HumanEval_817ex0tid5iC_results/generations/HumanEval_81/HumanEval_81.py-347b8b45fa63bfc8f04cb15f1b401e4e65f4b823b273ebde91f57902e6589a9a': {'variant_file': 'HumanEval_817ex0tid5iC_results/generations/HumanEval_81/HumanEval_81.py-347b8b45fa63bfc8f04cb15f1b401e4e65f4b823b273ebde91f57902e6589a9a', 'applicable_rules': ['add_nested_for_out', 'add_try_except_inside_functions', 'add_else_to_for', 'add_nested_list', 'transform_function_to_class', 'add_decorator', 'add_time', 'add_crypto', 'add_http', 'add_scipy', 'add_base64', 'add_dateutil'], 'applied_rules': ['add_datetime', 'add_sklearn'], 'complexity': {'File': 'HumanEval_817ex0tid5iC_results/generations/HumanEval_81/HumanEval_81.py-347b8b45fa63bfc8f04cb15f1b401e4e65f4b823b273ebde91f57902e6589a9a', 'Base complexity': 14, 'Predicates with operators': 12, 'Nested levels': 1, 'Complex code structures': 2, 'Third-Party calls': 2, 'Inter_dependencies': 0, 'Intra_dependencies': 0, 'Log': 'tmp/HumanEval_817ex0tid5iC_results_generations_HumanEval_81_HumanEval_81.py-347b8b45fa63bfc8f04cb15f1b401e4e65f4b823b273ebde91f57902e6589a9a.log'}, 'readability': {'num_tokens': 335, 'lines_of_code': 34, 'num_conditions': 12, 'num_loops': 1, 'num_assignments': 1, 'num_max_nested_loop': 1, 'num_max_nested_if': 12, 'num_max_conditions_in_if': 1, 'max_line_tokens': 37, 'num_of_variables': 2, 'num_of_arrays': 2, 'num_of_operators': 12, 'num_of_nested_casting': 0, 'entropy': 5.916808661035036}, 'relevant_distance_readability': 0.5188, 'relevant_distance_complexity': 0.1292}, 'HumanEval_817ex0tid5iC_results/generations/HumanEval_81/HumanEval_81.py-f5707b2d36a6d4ebaa71e62bcb6f52a11ae0cbaab8e23ebb531194c86994504a': {'variant_file': 'HumanEval_817ex0tid5iC_results/generations/HumanEval_81/HumanEval_81.py-f5707b2d36a6d4ebaa71e62bcb6f52a11ae0cbaab8e23ebb531194c86994504a', 'applicable_rules': ['add_nested_for_out', 'add_try_except_inside_functions', 'add_else_to_for', 'add_nested_list', 'transform_function_to_class', 'add_decorator', 'add_time', 'add_crypto', 'add_sklearn', 'add_scipy', 'add_base64', 'add_dateutil'], 'applied_rules': ['add_datetime', 'add_http', 'change_var_names'], 'complexity': {'File': 'HumanEval_817ex0tid5iC_results/generations/HumanEval_81/HumanEval_81.py-f5707b2d36a6d4ebaa71e62bcb6f52a11ae0cbaab8e23ebb531194c86994504a', 'Base complexity': 14, 'Predicates with operators': 12, 'Nested levels': 1, 'Complex code structures': 1, 'Third-Party calls': 2, 'Inter_dependencies': 0, 'Intra_dependencies': 0, 'Log': 'tmp/HumanEval_817ex0tid5iC_results_generations_HumanEval_81_HumanEval_81.py-f5707b2d36a6d4ebaa71e62bcb6f52a11ae0cbaab8e23ebb531194c86994504a.log'}, 'readability': {'num_tokens': 332, 'lines_of_code': 34, 'num_conditions': 12, 'num_loops': 1, 'num_assignments': 1, 'num_max_nested_loop': 1, 'num_max_nested_if': 12, 'num_max_conditions_in_if': 1, 'max_line_tokens': 37, 'num_of_variables': 2, 'num_of_arrays': 1, 'num_of_operators': 12, 'num_of_nested_casting': 0, 'entropy': 5.896006515817529}, 'relevant_distance_readability': 0.5246, 'relevant_distance_complexity': 0.1245}, 'HumanEval_817ex0tid5iC_results/generations/HumanEval_81/HumanEval_81.py-c08fa4012a5999def20e1cd6bcbf9a4dfa51f5a8c2f62b7f7f0ede51e2581f30': {'variant_file': 'HumanEval_817ex0tid5iC_results/generations/HumanEval_81/HumanEval_81.py-c08fa4012a5999def20e1cd6bcbf9a4dfa51f5a8c2f62b7f7f0ede51e2581f30', 'applicable_rules': ['add_nested_for_out', 'add_try_except_inside_functions', 'add_else_to_for', 'add_nested_list', 'transform_function_to_class', 'add_decorator', 'add_time', 'add_crypto', 'add_sklearn', 'add_http', 'add_base64', 'add_dateutil'], 'applied_rules': ['add_datetime', 'add_scipy', 'change_var_names'], 'complexity': {'File': 'HumanEval_817ex0tid5iC_results/generations/HumanEval_81/HumanEval_81.py-c08fa4012a5999def20e1cd6bcbf9a4dfa51f5a8c2f62b7f7f0ede51e2581f30', 'Base complexity': 14, 'Predicates with operators': 12, 'Nested levels': 1, 'Complex code structures': 3, 'Third-Party calls': 2, 'Inter_dependencies': 0, 'Intra_dependencies': 0, 'Log': 'tmp/HumanEval_817ex0tid5iC_results_generations_HumanEval_81_HumanEval_81.py-c08fa4012a5999def20e1cd6bcbf9a4dfa51f5a8c2f62b7f7f0ede51e2581f30.log'}, 'readability': {'num_tokens': 343, 'lines_of_code': 34, 'num_conditions': 12, 'num_loops': 1, 'num_assignments': 1, 'num_max_nested_loop': 1, 'num_max_nested_if': 12, 'num_max_conditions_in_if': 1, 'max_line_tokens': 37, 'num_of_variables': 2, 'num_of_arrays': 3, 'num_of_operators': 12, 'num_of_nested_casting': 0, 'entropy': 5.937156920118707}, 'relevant_distance_readability': 0.513, 'relevant_distance_complexity': 0.1339}, 'HumanEval_817ex0tid5iC_results/generations/HumanEval_81/HumanEval_81.py-a3aa6e7a700cd16ae084747014644b94a5011157e6722ec50b03ed4f9a0bf704': {'variant_file': 'HumanEval_817ex0tid5iC_results/generations/HumanEval_81/HumanEval_81.py-a3aa6e7a700cd16ae084747014644b94a5011157e6722ec50b03ed4f9a0bf704', 'applicable_rules': ['add_nested_for_out', 'add_try_except_inside_functions', 'add_else_to_for', 'add_nested_list', 'transform_function_to_class', 'add_decorator', 'add_time', 'add_crypto', 'add_sklearn', 'add_http', 'add_scipy', 'add_dateutil'], 'applied_rules': ['add_datetime', 'add_base64'], 'complexity': {'File': 'HumanEval_817ex0tid5iC_results/generations/HumanEval_81/HumanEval_81.py-a3aa6e7a700cd16ae084747014644b94a5011157e6722ec50b03ed4f9a0bf704', 'Base complexity': 14, 'Predicates with operators': 12, 'Nested levels': 1, 'Complex code structures': 1, 'Third-Party calls': 2, 'Inter_dependencies': 0, 'Intra_dependencies': 0, 'Log': 'tmp/HumanEval_817ex0tid5iC_results_generations_HumanEval_81_HumanEval_81.py-a3aa6e7a700cd16ae084747014644b94a5011157e6722ec50b03ed4f9a0bf704.log'}, 'readability': {'num_tokens': 328, 'lines_of_code': 34, 'num_conditions': 12, 'num_loops': 1, 'num_assignments': 1, 'num_max_nested_loop': 1, 'num_max_nested_if': 12, 'num_max_conditions_in_if': 1, 'max_line_tokens': 37, 'num_of_variables': 2, 'num_of_arrays': 1, 'num_of_operators': 12, 'num_of_nested_casting': 0, 'entropy': 5.868683187484351}, 'relevant_distance_readability': 0.5249, 'relevant_distance_complexity': 0.1245}, 'HumanEval_817ex0tid5iC_results/generations/HumanEval_81/HumanEval_81.py-bc3cba5339e28f788254fa1c0a1c99cf9e9eaf1fba10e075fb8d3f9573092f15': {'variant_file': 'HumanEval_817ex0tid5iC_results/generations/HumanEval_81/HumanEval_81.py-bc3cba5339e28f788254fa1c0a1c99cf9e9eaf1fba10e075fb8d3f9573092f15', 'applicable_rules': ['add_nested_for_out', 'add_try_except_inside_functions', 'add_else_to_for', 'add_nested_list', 'transform_function_to_class', 'add_decorator', 'add_time', 'add_crypto', 'add_sklearn', 'add_http', 'add_scipy', 'add_base64'], 'applied_rules': ['add_datetime', 'add_dateutil'], 'complexity': {'File': 'HumanEval_817ex0tid5iC_results/generations/HumanEval_81/HumanEval_81.py-bc3cba5339e28f788254fa1c0a1c99cf9e9eaf1fba10e075fb8d3f9573092f15', 'Base complexity': 14, 'Predicates with operators': 12, 'Nested levels': 1, 'Complex code structures': 1, 'Third-Party calls': 2, 'Inter_dependencies': 0, 'Intra_dependencies': 0, 'Log': 'tmp/HumanEval_817ex0tid5iC_results_generations_HumanEval_81_HumanEval_81.py-bc3cba5339e28f788254fa1c0a1c99cf9e9eaf1fba10e075fb8d3f9573092f15.log'}, 'readability': {'num_tokens': 331, 'lines_of_code': 34, 'num_conditions': 12, 'num_loops': 1, 'num_assignments': 1, 'num_max_nested_loop': 1, 'num_max_nested_if': 12, 'num_max_conditions_in_if': 1, 'max_line_tokens': 37, 'num_of_variables': 2, 'num_of_arrays': 1, 'num_of_operators': 12, 'num_of_nested_casting': 0, 'entropy': 5.898334017019095}, 'relevant_distance_readability': 0.5246, 'relevant_distance_complexity': 0.1245}}}","{1: ['HumanEval_817ex0tid5iC_results/generations/HumanEval_81/HumanEval_81.py-303a8092358fb0306b0772b05d469b5c787b54149b3fa8dd15b22e32775a73af', 'HumanEval_817ex0tid5iC_results/generations/HumanEval_81/HumanEval_81.py-72decf1b39f2787aeaa13570b39226f413ea1bf562b0cf75de05606bb2f16265', 'HumanEval_817ex0tid5iC_results/generations/HumanEval_81/HumanEval_81.py-621b0e4d21d911e762088f6ba85974efadef0204efdd80c9cef321979a41451a'], 2: ['HumanEval_817ex0tid5iC_results/generations/HumanEval_81/HumanEval_81.py-a5f172256c30ababc9ef612d8bf83b4a789c040c043797d169b6237c71f1fb62', 'HumanEval_817ex0tid5iC_results/generations/HumanEval_81/HumanEval_81.py-bfce1c34c84d425e33e68f701a4625a0c91e59b5245352d4af3b6322e75552dc', 'HumanEval_817ex0tid5iC_results/generations/HumanEval_81/HumanEval_81.py-a9fcbeac70a4c4fe7f544f411f288d8779fdc01e3bb39b2eb71980c5f9c45170', 'HumanEval_817ex0tid5iC_results/generations/HumanEval_81/HumanEval_81.py-03d19cf45070f16ba1835287d476f9a1245740eba08a69ca1df0b134f47ce7f8', 'HumanEval_817ex0tid5iC_results/generations/HumanEval_81/HumanEval_81.py-8e41b3ed84790c05a26a9022dc27e6e5a09370d11d21cc3819a7bde9dc88c54f', 'HumanEval_817ex0tid5iC_results/generations/HumanEval_81/HumanEval_81.py-c08fa4012a5999def20e1cd6bcbf9a4dfa51f5a8c2f62b7f7f0ede51e2581f30', 'HumanEval_817ex0tid5iC_results/generations/HumanEval_81/HumanEval_81.py-347b8b45fa63bfc8f04cb15f1b401e4e65f4b823b273ebde91f57902e6589a9a']}"
